vessel_imo,start,end,duration_hrs,lat_off,lon_off,lat_on,lon_on
9004310,2022-10-29 01:26:36.000000,2022-10-29 15:25:39.168000,13.983333333333333,45.594876666666664,138.97388333333336,44.941768333333336,137.391675
9017666,2022-03-09 13:14:21.000000,2022-03-10 04:02:53.000000,14.8,40.07376166666667,137.61903333333333,38.566555,135.1746
9114751,2023-10-10 17:02:24.000000,2023-10-11 07:09:54.000000,14.116666666666667,44.528031666666664,149.11674833333333,45.46843333333333,149.6066
9131357,2022-09-01 11:04:39.659342,2022-09-02 07:20:53.000000,20.266666666666666,38.68355833333333,-13.688873333333333,35.228651666666664,-17.017083333333332
9131357,2022-09-15 00:46:02.000000,2022-10-18 11:58:28.000000,803.2,-23.154,9.681998333333333,-23.466783333333332,9.57585
9137648,2022-10-14 00:16:35.000000,2022-10-19 19:05:12.000000,138.8,-22.181833333333334,8.971831666666667,-22.064833333333333,8.950998333333333
9166314,2024-06-02 05:24:05.000000,2024-06-02 21:13:01.000000,15.8,48.02794166666666,148.901865,46.553176666666666,145.39478166666666
9175078,2022-03-26 22:05:01.000000,2022-03-27 13:27:19.000000,15.366666666666667,-29.576616666666666,14.996843333333333,-32.13117,15.884085
9183271,2023-03-10 08:55:03.000000,2023-03-10 22:02:56.000000,13.116666666666667,-22.273266666666668,8.861628333333334,-22.34,8.891666666666667
9183271,2023-04-10 15:52:02.000000,2023-04-11 08:01:11.000000,16.15,-4.769468333333333,-7.6261866666666664,-8.299981666666667,-5.405678333333333
9187227,2022-11-17 16:28:02.000000,2022-11-19 20:06:22.000000,51.63333333333333,-22.592675,7.732186666666666,-22.585500000000003,7.779166666666667
9187227,2023-10-09 13:40:22.000000,2023-10-16 11:03:13.000000,165.36666666666667,-7.325043333333333,9.585948333333333,-7.27538,9.769073333333333
9194983,2023-07-04 18:29:02.000000,2023-11-09 17:58:16.000000,3071.483333333333,14.84445,-56.7668,12.374933333333333,-70.38106666666667
9194983,2023-12-09 20:32:16.000000,2023-12-31 08:58:30.000000,516.4333333333333,15.111391666666666,-52.31668333333333,56.59452,19.10235
9194995,2023-07-09 01:36:24.000000,2023-07-16 01:05:58.000000,167.48333333333332,11.738366666666666,61.88682166666667,18.661201666666667,39.16073
9194995,2024-06-18 08:58:41.000000,2024-06-26 07:30:58.000000,190.53333333333333,16.795958333333335,57.342365,29.094065,32.82340833333333
9199713,2022-10-13 15:10:11.000000,2023-10-10 09:18:21.000000,8682.133333333333,34.732,-7.541083333333333,11.6302,-68.73356666666666
9205067,2022-04-02 19:49:43.000000,2022-04-03 09:59:20.000000,14.15,-20.950738333333334,8.69456,-20.660963333333335,9.085068333333334
9205067,2022-06-11 09:02:18.820000,2022-06-12 15:58:57.000000,30.933333333333334,-20.694501666666667,9.178486666666666,-20.67327,9.164143333333334
9205067,2022-10-02 21:12:11.000000,2022-10-03 10:59:46.000000,13.783333333333333,-20.474473333333332,9.081356666666666,-20.44744,9.061106666666667
9207027,2022-03-07 21:13:24.000000,2022-03-08 17:01:25.000000,19.8,-22.009086666666665,9.117968333333334,-21.944666666666667,9.205498333333333
9208069,2022-04-30 14:20:19.000000,2022-05-07 13:32:34.120169,167.2,-9.229566666666667,10.620656666666667,-30.949601666666666,13.165198333333333
9208069,2022-07-06 12:09:00.000000,2022-09-08 13:54:19.000000,1537.75,-6.436495,4.475511666666667,-34.15435,17.242721666666668
9208069,2022-12-04 04:50:29.000000,2023-08-06 06:10:14.000000,5881.316666666667,-6.075046666666666,9.933546666666667,13.457216666666667,-69.18106
9208069,2023-08-06 16:35:17.000000,2023-10-25 00:51:39.000000,1904.2666666666667,13.453608333333333,-69.19756833333334,-31.455893333333332,10.644436666666667
9208069,2022-05-07 11:50:30.000000,2022-07-06 11:54:02.000000,1440.05,-30.728613333333332,12.945985,-6.44931,4.5301
9208069,2022-09-08 13:49:58.000000,2022-09-13 10:01:35.000000,116.18333333333334,-34.141215,17.211585,-29.85021,40.13075333333333
9208069,2022-09-13 10:52:17.000000,2022-12-04 04:35:02.000000,1961.7,-29.780978333333334,40.29463,-6.083378333333333,9.934223333333334
9208069,2023-08-06 04:24:27.000000,2023-08-06 16:49:32.000000,12.416666666666666,13.457973333333333,-69.17844166666667,13.453413333333334,-69.19784833333334
9208124,2023-08-12 21:34:07.000000,2023-08-16 13:30:24.000000,87.93333333333334,7.72858,-14.486871666666667,5.401003333333334,1.1489183333333333
9209972,2022-03-24 12:54:24.350000,2022-04-01 11:46:39.460000,190.86666666666667,17.213515,72.11404333333333,27.10132,56.072541666666666
9213313,2022-11-19 10:35:26.000000,2022-11-20 02:51:13.000000,16.25,8.712513333333334,-55.82843666666667,8.202733333333333,-54.960678333333334
9213313,2022-11-20 15:24:33.000000,2022-11-23 09:43:40.000000,66.31666666666666,7.256876666666667,-53.473486666666666,4.857381666666667,-49.62126
9213313,2022-11-27 08:20:03.000000,2022-11-28 15:27:01.000000,31.1,-1.2178916666666666,-39.94445833333334,-3.3162933333333333,-36.6032
9213313,2022-11-28 16:44:11.000000,2022-11-29 22:59:18.000000,30.25,-3.4069849999999997,-36.456626666666665,-3.7201866666666663,-36.833999999999996
9213313,2022-12-03 22:00:24.000000,2022-12-04 23:21:41.000000,25.35,-11.208746666666666,-25.90565333333333,-13.200605,-23.316343333333336
9213313,2022-12-18 22:36:00.000000,2022-12-19 23:38:34.000000,25.033333333333335,-35.512505000000004,22.967153333333332,-34.96603666666667,26.026378333333334
9227443,2024-07-22 16:41:22.000000,2024-07-23 05:05:06.000000,12.383333333333333,33.478683333333336,32.877986666666665,32.630685,27.418326666666665
9227443,2023-09-06 06:49:47.000000,2023-10-03 16:39:51.000000,657.8333333333334,-19.61248,55.93881833333333,12.075813333333333,-50.44786833333333
9227443,2023-10-04 10:24:05.000000,2023-10-06 13:06:31.000000,50.7,11.996863333333334,-54.67111166666667,5.851633333333333,2.3092516666666665
9227443,2023-11-28 16:05:09.000000,2023-12-04 14:53:56.000000,142.8,23.709941666666666,-48.68407666666667,41.68450166666667,-24.707355
9229374,2022-06-27 01:05:51.000000,2022-06-28 00:33:53.000000,23.466666666666665,11.878773333333333,-77.2876,11.878778333333333,-77.28759666666667
9230971,2022-06-15 06:29:22.000000,2022-06-27 07:38:14.690000,289.1333333333333,39.64464666666667,-17.734011666666667,43.86413833333334,-21.077985
9231468,2022-01-17 05:25:09.000000,2022-01-17 19:30:12.000000,14.083333333333334,33.89606666666667,12.6743,34.5898,12.670633333333333
9231468,2022-03-24 03:49:26.000000,2022-03-24 17:21:25.000000,13.516666666666667,36.360933333333335,16.412316666666666,36.16511666666667,20.1988
9231468,2023-04-11 21:24:13.000000,2023-04-12 21:58:41.000000,24.566666666666666,13.47925,56.81961666666667,15.615033333333333,55.1788
9231767,2022-01-22 05:54:08.000000,2022-05-05 20:46:00.000000,2486.85,-9.010088333333334,10.965021666666667,2.7121133333333334,-3.167555
9233741,2022-01-29 16:25:31.000000,2022-03-28 00:50:36.000000,1376.4166666666667,8.493071666666667,-54.73142,11.968995,-68.81115
9233741,2023-06-20 03:14:01.000000,2023-06-22 15:36:09.000000,60.36666666666667,12.148995,45.926471666666664,15.57746,57.966795
9233765,2024-06-04 20:05:37.000000,2024-06-05 12:48:32.000000,16.7,19.10499,63.10810166666667,16.716696666666667,65.79330666666667
9234642,2022-03-02 08:38:32.000000,2022-03-04 19:35:50.000000,58.95,13.904333333333334,-68.48108333333333,17.261216666666666,-63.143883333333335
9234642,2022-03-23 12:39:17.000000,2022-05-15 23:08:06.680000,1282.4666666666667,15.87585,-36.418533333333336,3.136433333333333,100.5631
9235713,2022-06-19 23:41:25.000000,2022-07-02 22:53:37.780000,311.2,48.050066666666666,-17.0331,45.32176666666667,-25.058466666666668
9236353,2024-09-18 12:05:02.000000,2024-09-22 19:07:53.000000,103.03333333333333,13.325783333333334,49.37401666666667,27.487448333333333,34.19714333333334
9237228,2024-02-27 18:59:49.000000,2024-02-28 17:02:28.000000,22.033333333333335,5.550996666666666,82.18883666666666,5.518611666666667,85.84592333333333
9237228,2024-06-03 10:55:43.000000,2024-06-27 22:25:48.000000,587.5,11.543376666666667,70.08795833333333,31.701993333333334,32.208643333333335
9237228,2024-09-01 04:03:40.000000,2024-09-03 05:18:11.000000,49.233333333333334,14.360195,54.834615,12.489011666666666,46.68953833333333
9239642,2024-07-16 01:29:14.000000,2024-07-16 22:17:44.000000,20.8,11.93942,-78.950545,13.03646,-78.930375
9247778,2024-01-11 23:46:54.000000,2024-01-13 11:23:53.000000,35.6,23.594366666666666,62.760083333333334,18.483333333333334,66.03
9248801,2022-03-11 17:45:03.000000,2022-03-26 17:46:28.460000,360.01666666666665,33.549458333333334,32.45916166666667,33.17149833333333,32.99032
9249130,2024-07-22 09:10:43.000000,2024-07-25 08:50:51.000000,71.66666666666667,13.812233333333333,50.9265,16.984966666666665,39.96751666666667
9250892,2022-12-18 00:52:50.000000,2022-12-20 15:39:17.000000,62.766666666666666,14.328253333333333,57.68969666666667,20.661189999999998,66.67761666666667
9253076,2023-07-03 03:35:00.000000,2023-07-03 16:10:58.000000,12.583333333333334,14.145238333333333,72.19886666666666,15.02133,70.45319833333333
9253076,2023-07-06 03:28:29.000000,2023-07-07 09:26:04.000000,29.95,18.623496666666668,62.133496666666666,19.400315,58.589081666666665
9253313,2024-04-11 10:50:32.000000,2024-04-12 01:17:06.000000,14.433333333333334,32.710903333333334,28.367911666666668,33.509975,25.054161666666666
9253595,2023-10-16 15:44:33.000000,2023-11-15 17:24:38.000000,721.6666666666666,33.26131,20.036343333333335,33.25818666666667,20.18081
9253595,2024-06-21 21:48:02.000000,2024-06-22 15:54:17.000000,18.1,12.629003333333333,47.12368,12.2273,44.32512666666667
9255672,2022-12-26 20:54:08.000000,2022-12-27 10:04:35.000000,13.166666666666666,34.34968166666667,15.935303333333334,32.37081166666667,17.362216666666665
9255672,2023-02-01 19:57:15.000000,2023-02-03 10:47:59.000000,38.833333333333336,2.375295,-5.793571666666667,2.9126966666666667,2.01817
9255672,2023-02-08 04:59:23.000000,2023-02-10 11:01:50.000000,54.03333333333333,3.0009566666666667,3.0346983333333335,0.9017333333333334,-6.0824316666666665
9255672,2023-03-07 17:08:31.000000,2023-03-08 15:17:28.000000,22.133333333333333,32.118948333333336,17.69671,36.129376666666666,15.22672
9255672,2023-05-18 08:20:59.000000,2023-05-24 17:48:23.000000,153.45,10.22086,68.85140166666666,18.324235,39.215558333333334
9256028,2024-03-24 03:00:55.000000,2024-05-08 14:57:55.000000,1091.95,33.83615,27.21815,31.515246666666666,32.36561833333333
9256078,2023-09-26 09:31:27.000000,2023-09-28 17:36:20.000000,56.06666666666667,8.81445,70.644305,5.97579,81.73500166666666
9258026,2022-01-22 18:54:20.000000,2022-01-23 12:17:37.000000,17.383333333333333,32.1045166667,-46.3847666667,32.471716666666666,-42.603883333333336
9258026,2022-03-14 12:05:04.000000,2022-03-15 13:23:42.000000,25.3,30.062183333333333,-60.35985,31.129633333333334,-65.33311666666667
9258026,2022-04-16 03:13:49.000000,2022-04-17 18:11:32.000000,38.95,36.928333333333335,-63.135333333333335,39.49735,-52.58793333333333
9258026,2023-02-15 10:29:41.000000,2023-03-02 23:20:44.000000,372.85,24.435316666666665,-19.79705,-25.639033333333334,-48.253566666666664
9258026,2023-05-07 12:57:36.000000,2023-05-10 11:30:44.000000,70.55,12.424866666666667,59.77068333333333,7.1878166666666665,74.6383
9258167,2024-08-04 05:55:13.000000,2024-08-05 04:24:07.000000,22.466666666666665,34.79690333333333,28.622098333333334,31.966035,31.68948333333333
9258882,2023-05-04 10:03:03.000000,2023-05-05 00:01:27.000000,13.966666666666667,14.200338333333333,52.60569,14.201038333333333,52.608125
9258882,2023-09-21 06:40:40.000000,2023-09-21 22:51:13.000000,16.166666666666668,12.570371666666666,59.18832666666667,11.577598333333333,62.25913166666667
9259185,2024-02-13 13:11:56.000000,2024-02-15 13:39:09.000000,48.45,9.58655,70.73421666666667,11.782716666666667,60.71661666666667
9259733,2022-05-10 06:50:09.000000,2022-05-15 01:32:27.010000,114.7,11.03803,70.64502333333333,6.261186666666666,94.01031833333333
9259745,2024-01-29 16:30:01.000000,2024-01-30 05:06:17.000000,12.6,67.33083666666667,8.476145,68.92692333333333,12.539751666666668
9260275,2022-04-04 06:44:03.000000,2022-04-05 07:20:34.000000,24.6,-20.704786666666667,-3.615705,-20.032946666666668,-4.448226666666667
9260275,2022-04-05 12:20:08.000000,2022-04-10 14:10:58.000000,121.83333333333333,-19.41055666666667,-5.42755,-3.5538833333333333,-27.771743333333333
9260823,2024-01-27 07:46:42.000000,2024-01-28 03:36:10.000000,19.816666666666666,11.30067,64.37445,12.569531666666666,60.298831666666665
9262170,2024-02-22 11:29:44.000000,2024-02-23 00:10:57.000000,12.683333333333334,54.498995,151.90314166666667,54.36915833333333,152.050945
9262170,2024-03-17 11:35:15.000000,2024-03-18 02:09:51.000000,14.566666666666666,54.62871833333333,152.155365,55.0027,152.41123166666668
9262170,2024-03-29 18:38:15.000000,2024-03-30 08:10:40.000000,13.533333333333333,56.31164,147.624,56.40081,147.36090333333334
9264570,2022-07-07 03:30:24.445783,2022-07-13 08:54:43.620000,149.4,44.48513333333333,-11.959566666666667,40.64225,-13.367166666666666
9264570,2023-08-13 11:38:07.000000,2023-08-13 23:51:12.000000,12.216666666666667,12.114116666666666,45.9183,12.893083333333333,48.42678333333333
9268112,2024-07-22 20:17:07.000000,2024-07-24 09:03:42.000000,36.766666666666666,12.552288333333333,46.92189,15.833556666666667,41.27227833333333
9268112,2023-04-15 13:26:47.000000,2023-04-16 04:22:09.000000,14.916666666666666,6.4112833333333334,91.7985,6.5567,94.61143333333334
9271327,2023-04-25 14:23:44.000000,2023-04-26 10:36:33.000000,20.2,12.346583333333333,73.8314,12.455033333333333,73.77936666666666
9271327,2024-03-24 13:23:37.000000,2024-03-25 12:58:32.000000,23.566666666666666,12.849916666666667,48.22886666666667,14.4011,53.147466666666666
9271573,2022-04-08 10:59:11.000000,2022-04-09 02:32:29.000000,15.55,-18.564091666666666,58.569325,-20.623153333333335,55.52970666666667
9271573,2022-09-28 11:27:54.000000,2022-09-29 00:29:58.000000,13.033333333333333,4.564706666666667,4.6343733333333335,4.565926666666667,4.63301
9271573,2024-09-16 15:30:38.000000,2024-09-17 14:01:38.000000,22.516666666666666,23.081465,37.311348333333335,27.182661666666668,34.66833833333333
9271585,2022-07-14 21:57:04.213531,2022-07-17 23:22:38.730000,73.41666666666667,14.703516666666667,60.468466666666664,25.08945,56.63106666666667
9271585,2023-11-26 00:36:01.000000,2023-12-31 00:30:10.000000,839.9,13.829933333333333,58.43615,11.636666666666667,64.27333333333333
9272931,2022-04-20 21:02:33.000000,2022-04-22 05:26:32.620000,32.38333333333333,21.869508333333332,-96.37295833333333,24.197806666666665,-95.14210666666666
9272931,2023-06-15 13:01:22.000000,2023-06-18 13:22:01.000000,72.33333333333333,3.507175,-0.4819983333333333,6.506823333333333,-14.35309
9272931,2023-05-11 12:05:12.000000,2023-05-14 05:10:19.000000,65.08333333333333,4.04049,-10.428273333333333,5.467383333333333,1.22258
9273442,2022-04-14 21:31:30.000000,2022-04-16 17:36:54.000000,44.083333333333336,28.450316666666666,-94.41235,29.259116666666667,-94.52525
9274800,2022-12-06 16:42:41.000000,2022-12-15 12:12:03.000000,211.48333333333332,40.978100000000005,-54.472883333333336,59.24518333333334,-1.5330833333333334
9275995,2022-05-07 05:00:18.000000,2022-05-07 18:11:13.370000,13.166666666666666,17.104883333333333,91.99838333333334,14.6362,93.39373333333333
9277747,2023-08-18 05:55:11.000000,2023-09-04 14:09:46.000000,416.23333333333335,19.657611666666668,66.32387666666666,25.660866666666667,56.932813333333335
9277759,2024-08-14 20:30:25.000000,2024-08-15 20:26:01.000000,23.916666666666668,18.230221666666665,39.63245666666667,21.403665,39.07571166666666
9277773,2023-09-13 05:54:14.000000,2023-09-15 10:44:25.000000,52.833333333333336,11.188746666666667,66.305255,13.840328333333334,56.315443333333334
9278064,2023-09-26 03:24:18.000000,2023-09-29 11:50:23.000000,80.43333333333334,31.464866666666666,-10.922433333333334,16.876116666666668,-21.438
9281891,2022-06-15 18:39:10.000000,2022-06-26 19:52:26.310000,265.21666666666664,37.68768,-22.3738,44.8941,-21.578266666666668
9282479,2022-08-19 22:34:22.779232,2022-08-25 16:46:03.000000,138.18333333333334,41.579116666666664,-18.23592,34.366886666666666,-17.751978333333334
9283289,2022-04-23 19:05:02.000000,2022-04-24 18:42:47.000000,23.616666666666667,40.00458833333333,-23.385976666666668,42.83,-17.52
9284582,2023-05-18 23:48:18.000000,2023-05-19 12:12:59.000000,12.4,14.406271666666667,53.220525,13.74005,50.706783333333334
9284582,2024-01-17 04:37:49.000000,2024-01-27 18:56:44.000000,254.3,7.191603333333333,75.66043,27.714065,33.88493
9285835,2022-04-11 09:36:02.000000,2022-04-12 23:00:32.990000,37.4,29.536516666666667,-73.09154166666667,32.685833333333335,-65.03255
9286657,2024-07-01 02:52:32.000000,2024-07-03 12:12:57.000000,57.333333333333336,32.86279,32.17268333333333,31.698415,32.1715
9288708,2023-04-16 18:27:51.000000,2023-04-23 04:21:31.000000,153.88333333333333,11.61395,62.108,17.6125,83.3438
9288708,2023-11-26 00:33:03.000000,2023-12-11 18:00:01.000000,377.43333333333334,17.301833333333335,66.25871666666667,36.171483333333335,-3.5084666666666666
9288710,2022-08-23 23:56:33.250000,2022-09-23 11:36:06.000000,731.65,35.3421,17.69985,21.699883333333332,38.12145
9288710,2024-05-20 10:50:36.000000,2024-05-22 01:52:59.000000,39.03333333333333,34.49106666666667,21.839733333333335,35.327416666666664,16.421166666666668
9288710,2024-07-10 20:34:43.000000,2024-07-12 03:33:40.000000,30.966666666666665,14.4294,53.1614,18.39131666666667,58.015883333333335
9288722,2023-08-27 10:11:06.000000,2023-08-29 14:47:23.000000,52.6,20.35645,38.51768333333333,27.65835,33.953316666666666
9288722,2024-08-20 10:36:10.000000,2024-08-21 07:07:09.000000,20.5,33.90133333333333,23.61155,33.36675,34.370416666666664
9288722,2022-04-17 16:17:42.330000,2022-04-19 07:51:50.520000,39.56666666666667,35.3284,18.47085,32.42528333333333,29.3967
9288734,2023-05-17 06:57:21.000000,2023-05-19 04:00:04.000000,45.03333333333333,10.282336666666666,67.61193833333333,14.260996666666667,58.039925
9288734,2023-07-03 13:32:03.000000,2023-07-05 11:29:21.000000,45.95,20.822511666666667,38.23143,29.239598333333333,32.74718166666667
9288734,2023-08-29 17:41:24.000000,2023-08-31 06:48:10.000000,37.1,33.9675,13.605575,40.36899,18.872868333333333
9288746,2023-11-26 00:33:05.000000,2024-02-11 08:45:28.000000,1856.2,17.577471666666668,59.78002333333333,59.83418833333333,25.635648333333332
9288851,2024-01-11 01:37:48.000000,2024-01-12 01:31:49.000000,23.9,14.37327,52.707011666666666,13.048455,48.479635
9289518,2022-10-03 06:32:07.000000,2022-10-11 09:20:48.000000,194.8,-2.5838533333333333,2.8772933333333333,-35.10271,21.924293333333335
9289520,2023-03-01 20:33:02.000000,2023-03-05 21:18:38.000000,96.75,14.01491,56.80957333333333,17.029355,39.92124333333334
9289520,2024-03-11 13:52:01.000000,2024-03-12 18:51:48.000000,28.983333333333334,13.202568333333334,-65.76896666666667,12.458061666666667,-70.732635
9289532,2024-09-03 07:12:36.000000,2024-09-14 15:38:20.000000,272.4166666666667,46.313026666666666,-10.917146666666667,-0.027861666666666667,-51.05189
9290309,2024-06-09 00:23:32.000000,2024-07-24 23:19:52.000000,1102.9333333333334,11.64065,63.51974666666667,31.456675,32.31158666666666
9290373,2024-05-12 11:39:48.000000,2024-05-13 00:46:48.000000,13.116666666666667,15.237975,58.34659166666667,16.410708333333332,61.166725
9290373,2024-08-16 10:07:04.000000,2024-08-26 10:28:11.000000,240.35,22.396513333333335,37.78904166666667,22.573173333333333,69.78918666666667
9290828,2024-06-06 09:29:00.000000,2024-06-07 11:24:18.000000,25.916666666666668,-2.4529533333333333,-34.75485666666667,3.2033883333333333,-34.19359
9290828,2024-06-08 14:00:41.000000,2024-06-10 13:22:44.000000,47.36666666666667,9.156878333333333,-33.62793166666667,17.724088333333334,-28.458541666666665
9291640,2022-09-16 17:13:53.000000,2022-09-17 21:59:37.960000,28.75,48.375975,-21.628536666666665,47.04593166666667,-29.01402
9292046,2022-01-10 11:20:01.000000,2022-01-11 02:48:50.000000,15.466666666666667,29.87327,138.56363,30.358078333333335,134.83646833333333
9292199,2022-02-27 20:47:45.440000,2022-02-28 09:56:46.000000,13.15,-24.128166666666665,-41.88986666666667,-24.129253333333335,-41.88874666666667
9292199,2022-03-23 11:10:07.000000,2022-03-23 23:22:28.000000,12.2,-24.122083333333332,-41.88875,-24.1242,-41.8907
9292199,2022-04-19 10:21:06.000000,2022-04-19 23:03:47.470000,12.7,-24.1232,-41.88993333333333,-24.124016666666666,-41.890683333333335
9292204,2022-10-10 11:59:43.000000,2022-10-11 05:37:03.000000,17.616666666666667,12.586603333333333,47.03447333333333,12.837583333333333,43.269776666666665
9292204,2024-03-19 08:33:09.000000,2024-04-19 23:54:22.000000,759.35,33.231928333333336,30.225023333333333,23.832438333333332,36.61908833333333
9292204,2024-07-28 20:27:01.000000,2024-07-29 14:29:24.000000,18.033333333333335,32.88582,28.524733333333334,31.689531666666667,32.63957
9293155,2022-05-06 10:06:22.000000,2022-05-07 01:17:37.000000,15.183333333333334,33.892633333333336,12.671133333333334,33.89905,12.677866666666667
9296391,2022-07-02 15:50:29.000000,2023-04-29 21:00:22.000000,7229.15,35.9916,-12.352583333333333,45.62871666666667,151.42721666666668
9296406,2023-07-07 07:46:28.000000,2023-07-07 22:23:39.000000,14.616666666666667,16.4212,55.815416666666664,15.39365,54.30193333333333
9296406,2022-12-11 05:00:35.000000,2022-12-12 03:49:05.000000,22.8,13.017933333333334,84.5863,17.70361666666667,86.10888333333334
9297345,2023-11-23 04:07:20.000000,2023-11-25 12:08:35.000000,56.016666666666666,17.664,39.88633333333333,27.511666666666667,34.17016666666667
9297888,2022-03-16 20:15:59.000000,2022-03-17 14:10:04.000000,17.9,-7.685801666666666,11.780115,-7.685926666666667,11.780353333333334
9298272,2024-01-01 03:14:11.000000,2024-01-02 05:35:43.000000,26.35,8.397265,71.44133333333333,10.284913333333334,66.28777833333334
9298492,2022-07-16 04:01:15.000000,2022-08-04 21:06:17.000000,473.0833333333333,11.478256666666667,-17.76238,27.668116666666666,-15.096615
9298492,2022-08-28 02:50:00.000000,2022-08-28 15:39:02.000000,12.816666666666666,17.692943333333332,-19.18781,14.835255,-19.285976666666667
9298492,2023-04-11 16:29:09.000000,2023-04-16 12:04:39.000000,115.58333333333333,11.376608333333333,-20.13562,4.311311666666667,0.13020166666666666
9299678,2022-03-14 23:09:43.000000,2022-03-15 16:22:20.000000,17.2,34.549616666666665,-11.139616666666667,37.35211666666667,-10.735816666666667
9299678,2022-07-30 15:11:58.000000,2022-07-31 07:02:44.320000,15.833333333333334,12.003516666666666,-17.926083333333334,9.240666666666666,-16.460633333333334
9299692,2024-03-23 18:40:02.000000,2024-04-01 22:20:35.000000,219.66666666666666,38.199455,-51.2805,23.065383333333333,-81.53469166666666
9299769,2024-09-17 14:20:23.000000,2024-09-18 06:59:59.000000,16.65,63.03325,-175.5813,65.63278333333334,-169.74875
9299862,2022-07-22 12:59:06.000000,2022-07-25 10:02:30.098902,69.05,-5.719833333333334,8.305333333333333,4.425833333333333,0.841
9299874,2022-09-22 20:02:11.000000,2022-10-12 09:14:41.000000,469.2,14.670936666666666,-122.977805,33.530033333333336,128.49166666666667
9301419,2023-03-16 18:03:39.000000,2023-03-17 06:12:33.000000,12.133333333333333,41.19201666666667,134.40168333333332,38.57528333333333,132.27418333333333
9301524,2024-06-29 11:42:30.000000,2024-06-30 01:11:33.000000,13.483333333333333,33.201475,31.172103333333332,32.35386333333334,31.573058333333332
9302126,2024-03-25 07:12:53.000000,2024-03-25 21:25:28.000000,14.2,3.618,-26.953728333333334,6.553201666666666,-25.76421
9302126,2024-06-04 09:01:01.000000,2024-06-05 06:29:05.000000,21.466666666666665,8.407873333333333,-25.173476666666666,12.874038333333333,-23.06429333333333
9302126,2023-03-18 16:14:07.000000,2023-03-27 03:42:46.000000,203.46666666666667,13.199536666666667,-19.81922,5.582865,0.07211166666666667
9302126,2023-04-16 07:43:04.000000,2023-04-18 06:24:45.000000,46.68333333333333,0.8937383333333333,-3.282478333333333,2.1208666666666667,-12.365108333333334
9302126,2023-09-13 19:50:24.000000,2023-09-14 20:21:41.000000,24.516666666666666,-13.688295,-36.592205,-18.916393333333332,-38.19328333333333
9304356,2024-08-11 20:25:00.000000,2024-08-13 08:49:41.000000,36.4,12.932265,48.08987,13.836961666666667,42.510443333333335
9304356,2023-10-12 20:38:59.000000,2023-10-13 12:11:37.000000,15.533333333333333,16.451606666666667,57.11492333333333,18.878376666666668,58.557575
9306627,2023-01-18 00:01:50.000000,2023-01-19 02:28:59.000000,26.45,33.808568333333334,-175.18770833333335,34.122098333333334,-169.22122166666668
9307815,2022-04-08 23:14:14.280000,2022-04-12 22:29:05.970000,95.23333333333333,29.767985,-74.689265,28.70169,-93.64246333333334
9308077,2024-07-30 11:22:58.000000,2024-07-31 16:55:10.000000,29.533333333333335,14.365755,53.147285,12.750585,47.617198333333334
9308821,2024-01-22 16:28:23.000000,2024-01-23 16:24:38.000000,23.933333333333334,24.622326666666666,-48.74939666666667,24.03,-54.29666666666667
9308821,2024-03-15 15:51:04.000000,2024-03-16 09:52:08.000000,18.016666666666666,35.899361666666664,-13.325445,36.43921,-8.465065
9309588,2022-03-02 12:58:04.000000,2022-03-04 18:33:49.000000,53.583333333333336,-35.071305,-42.81800166666667,-35.059666666666665,-55.64808333333333
9309588,2023-09-17 11:41:23.000000,2023-09-21 09:52:42.000000,94.18333333333334,32.262748333333334,16.994098333333334,31.754965,16.80238
9314179,2022-06-10 13:13:07.000000,2022-06-11 06:56:14.520000,17.716666666666665,18.485943333333335,-18.713113333333332,14.632728333333333,-18.714645
9318022,2022-12-07 23:41:20.000000,2022-12-09 19:34:58.000000,43.88333333333333,2.878093333333333,-9.92944,3.115266666666667,-1.4545983333333334
9318022,2022-12-20 00:49:58.000000,2022-12-22 04:08:21.000000,51.3,4.675833333333333,0.065845,3.36324,-9.263908333333335
9318022,2023-08-25 12:43:09.000000,2023-08-31 08:45:11.000000,140.03333333333333,24.330306666666665,-16.793615,43.50651666666667,-10.436326666666666
9318539,2022-12-27 10:43:00.000000,2022-12-28 01:10:01.000000,14.45,-0.457365,0.8406216666666667,-0.3094,0.6545666666666666
9319674,2022-03-27 03:54:19.000000,2022-03-27 17:09:41.540000,13.25,24.053276666666665,-88.96645666666667,23.851175,-85.96459166666666
9321847,2022-06-13 15:11:08.000000,2022-06-18 23:09:27.680000,127.96666666666667,44.434066666666666,-11.915766666666666,38.1079,-19.10718333333333
9321976,2022-07-10 14:58:39.270000,2022-07-21 16:24:04.000000,265.4166666666667,43.1121,-12.7688,44.33058333333334,-11.92695
9323314,2023-06-11 09:31:01.000000,2023-06-12 00:18:55.000000,14.783333333333333,5.913691666666667,84.86341,6.0562716666666665,88.02539
9323352,2023-10-05 20:29:02.000000,2023-10-06 18:13:39.000000,21.733333333333334,5.311,1.6475,3.965333333333333,-1.883
9323986,2022-02-14 16:52:24.000000,2022-02-17 09:42:55.140000,64.83333333333333,3.855916666666667,87.2847,5.10805,80.98905
9323986,2024-09-02 10:34:49.000000,2024-09-03 09:40:04.000000,23.083333333333332,13.360356666666666,49.85062333333333,14.772591666666667,54.50406666666667
9326720,2023-08-06 04:22:20.000000,2023-08-08 03:16:57.000000,46.9,17.758866666666666,59.08658666666667,14.166701666666667,51.40743833333333
9326885,2024-01-08 17:16:54.000000,2024-01-09 16:43:36.000000,23.433333333333334,-10.338073333333334,-34.519463333333334,-15.26987,-35.67944333333333
9329758,2024-03-03 17:20:29.000000,2024-03-07 05:11:50.000000,83.85,17.625218333333333,39.86723333333333,14.403771666666668,53.82225
9329758,2024-09-16 21:34:00.000000,2024-09-17 13:22:11.000000,15.8,14.212471666666668,65.07241333333333,14.245031666666666,65.320185
9330472,2024-06-08 10:02:26.000000,2024-06-11 07:17:32.000000,69.25,35.763466666666666,16.4367,31.594333333333335,32.02633333333333
9330472,2024-06-22 11:05:05.000000,2024-06-23 00:13:06.000000,13.133333333333333,10.630766666666666,65.75548333333333,9.7185,68.14543333333333
9332614,2023-12-03 10:16:34.000000,2023-12-04 16:24:02.000000,30.116666666666667,14.812726666666666,61.889131666666664,14.905978333333334,55.44092
9332614,2023-12-04 21:08:27.000000,2023-12-07 20:33:41.000000,71.41666666666667,14.8242,54.73393166666666,15.57358,41.560433333333336
9332781,2024-02-28 02:27:48.000000,2024-02-29 14:39:40.000000,36.18333333333333,12.853966666666667,47.7962,15.3797,41.50546666666666
9332834,2023-12-20 02:02:51.000000,2024-04-18 04:58:03.000000,2882.9166666666665,33.115916666666664,27.877533333333332,51.6358,2.40963
9333424,2022-09-02 21:25:50.000000,2022-09-03 10:53:49.000000,13.45,15.816666666666666,-19.603,15.774583333333334,-19.44025
9333424,2022-09-09 05:24:29.000000,2022-09-09 18:42:14.000000,13.283333333333333,15.929466666666666,-20.5031,15.8218,-20.383216666666666
9333424,2023-03-26 17:11:12.000000,2023-03-27 10:56:55.000000,17.75,13.6131,-18.154133333333334,13.488733333333334,-18.293516666666665
9337901,2024-02-21 01:15:30.000000,2024-08-07 07:26:42.000000,4038.1833333333334,14.481266666666667,53.04069,33.8144,29.72114
9338905,2024-06-22 23:54:04.000000,2024-07-08 00:51:25.000000,360.95,10.058816666666667,66.8855,11.635416666666666,62.002
9339337,2023-12-15 00:07:51.000000,2024-01-07 15:29:07.000000,567.35,16.70653,63.572968333333336,36.20735,-3.87343
9341093,2022-09-24 14:36:24.870000,2022-09-25 10:04:10.000000,19.45,23.14451,37.24245333333333,20.001683333333332,38.81257
9346720,2022-12-23 19:08:27.000000,2022-12-28 23:50:50.000000,124.7,12.751433333333333,67.67573333333333,11.12435,66.22828333333334
9346720,2023-06-23 04:18:30.000000,2023-06-24 13:08:22.000000,32.81666666666667,10.647616666666666,66.77263333333333,11.83545,61.12376666666667
9346720,2023-10-28 19:23:41.000000,2023-10-31 11:19:46.000000,63.93333333333333,16.038683333333335,56.9918,22.324883333333332,68.81676666666667
9346744,2023-11-28 20:31:23.000000,2023-12-20 15:14:30.000000,522.7166666666667,44.736485,-34.6937,56.59518666666666,19.08767
9348479,2024-04-06 08:43:43.000000,2024-04-07 00:41:59.000000,15.966666666666667,12.333883333333333,46.65806666666667,13.3953,49.95531666666667
9354301,2024-05-13 00:52:47.000000,2024-05-21 19:47:16.000000,210.9,13.436163333333333,49.686315,32.332645,31.09429
9354636,2022-03-07 20:39:01.000000,2022-03-08 12:05:15.370000,15.433333333333334,33.75596,31.636813333333333,35.3068,29.868955
9360130,2022-03-17 11:38:41.000000,2022-03-18 01:50:43.000000,14.2,44.07714,139.01541,42.462295,137.34534166666666
9360130,2022-08-06 02:53:50.000000,2022-08-06 15:22:18.000000,12.466666666666667,44.69965,139.67092,43.45316833333333,138.36610666666667
9368223,2024-03-22 16:45:23.000000,2024-03-23 06:08:55.000000,13.383333333333333,34.05532,21.933605,33.223333333333336,25.045
9375575,2022-11-10 17:46:43.000000,2022-11-11 16:22:14.000000,22.583333333333332,40.724174999999995,-26.453138333333335,42.967365,-21.401745000000002
9375575,2024-05-21 12:57:24.000000,2024-05-22 03:03:24.000000,14.1,28.203561666666666,-26.149881666666666,30.23988,-24.215348333333335
9375575,2024-05-22 13:20:51.000000,2024-05-23 02:03:41.000000,12.7,31.52614,-23.031596666666665,32.362315,-20.407671666666666
9375575,2024-09-17 08:59:10.000000,2024-09-18 07:53:02.000000,22.883333333333333,35.46835166666666,-19.36709,37.148678333333336,-17.614121666666666
9382798,2024-05-03 07:25:32.000000,2024-05-08 09:30:49.000000,122.08333333333333,48.586455,-40.886206666666666,58.79519833333333,-10.902563333333333
9385142,2023-12-04 03:24:04.000000,2023-12-04 19:01:24.000000,15.616666666666667,12.357365,-41.612671666666664,9.689145,-43.534621666666666
9387255,2024-03-25 07:45:32.000000,2024-03-26 00:12:48.000000,16.45,35.491683333333334,16.396433333333334,35.84685,14.87295
9388766,2024-03-03 13:10:23.000000,2024-03-27 01:44:39.000000,564.5666666666667,16.22216166666667,55.80690833333333,12.295,43.98
9395379,2022-02-11 17:11:43.320000,2022-02-16 15:00:58.000000,117.81666666666666,13.38342,57.18818,22.12248,38.21676
9402471,2023-10-13 17:09:12.000000,2023-10-25 09:40:34.000000,280.51666666666665,28.6004,-67.5296,35.97838333333333,-5.421966666666667
9402471,2024-05-14 00:10:08.000000,2024-05-16 17:52:28.000000,65.7,15.116716666666667,53.88235,16.428083333333333,40.850116666666665
9405057,2022-01-25 17:46:18.050000,2022-01-27 08:17:22.000000,38.516666666666666,9.34725,-16.544833333333333,4.5081833333,-10.5958
9405057,2022-01-29 07:45:09.000000,2022-01-30 06:12:19.000000,22.45,3.3776166667,-1.58385,5.3377333333,2.3219166667
9408695,2024-08-17 15:39:18.000000,2024-08-20 04:34:56.000000,60.916666666666664,18.15612,39.63387,12.811666666666667,48.093333333333334
9412359,2024-05-17 20:24:00.000000,2024-06-08 12:52:30.000000,520.4666666666667,32.52820333333333,30.957475,41.630448333333334,29.778698333333335
9412359,2024-06-24 07:10:30.000000,2024-07-16 06:08:34.000000,526.9666666666667,7.030875,75.05916833333333,16.46687,56.606366666666666
9412995,2022-05-05 23:56:35.010000,2022-05-10 23:57:33.000000,120.0,11.927566666666667,70.43426666666667,25.205483333333333,56.47175
9412995,2022-06-26 12:47:17.150000,2022-06-29 16:45:53.000000,75.96666666666667,22.13371666666667,61.849783333333335,13.0724,74.47376666666666
9413573,2024-07-01 22:28:02.000000,2024-07-02 15:53:19.000000,17.416666666666668,32.86767,33.494365,34.50353,33.82807666666667
9419448,2024-03-17 07:41:24.000000,2024-03-18 07:12:31.000000,23.516666666666666,33.94131333333333,-66.98995666666667,36.70029,-62.059171666666664
9419723,2022-02-27 13:29:31.000000,2022-03-05 01:13:24.000000,131.71666666666667,13.867983333333333,-69.70753333333333,28.23685,-92.90345
9421960,2023-09-12 17:15:37.000000,2023-10-25 17:48:45.000000,1032.55,5.965366666666666,86.15556666666667,69.02223333333333,33.040033333333334
9422445,2024-08-09 12:38:50.000000,2024-08-10 12:28:48.000000,23.816666666666666,37.27115,0.6743333333333333,36.251266666666666,-3.61255
9423736,2023-09-21 22:38:43.000000,2023-10-10 12:14:03.000000,445.5833333333333,13.285358333333333,49.62743833333333,29.902458333333332,32.51983666666667
9436018,2024-08-20 12:10:06.000000,2024-08-21 07:09:52.000000,18.983333333333334,33.34718,26.81889333333333,33.345745,34.416743333333336
9449651,2024-03-22 16:23:07.000000,2024-03-23 15:52:17.000000,23.483333333333334,54.61870833333333,153.50741333333335,57.54904166666667,154.01689833333333
9511521,2024-05-13 00:52:36.000000,2024-06-04 19:06:25.000000,546.2166666666667,13.404643333333333,49.98059166666667,36.121518333333334,-4.075166666666667
9511533,2023-08-24 12:27:26.000000,2023-08-25 01:17:38.000000,12.833333333333334,43.57131666666667,138.11156666666668,41.351416666666665,135.81350166666667
9530917,2022-11-24 21:52:48.000000,2022-11-29 11:27:19.000000,109.56666666666666,35.233979999999995,21.554356666666667,36.05260166666667,-5.25788
9530917,2024-07-18 12:41:20.000000,2024-07-19 01:50:51.000000,13.15,13.877921666666667,57.058908333333335,12.963935,59.25353166666667
9547506,2024-09-15 18:42:29.000000,2024-09-16 13:52:26.000000,19.15,5.83315,-12.524216666666666,3.8438333333333334,-9.047283333333333
9607710,2022-06-05 07:45:12.000000,2022-06-07 09:25:11.000000,49.65,11.557746666666667,-23.170946666666666,3.0203716666666667,-27.168093333333335
9607710,2022-09-15 06:27:37.000000,2022-09-16 10:10:57.000000,27.716666666666665,2.54872,52.9228,-2.1584566666666665,49.557413333333336
9607710,2023-05-03 11:12:50.000000,2023-05-05 22:25:37.000000,59.2,15.418576666666667,71.63808,23.603038333333334,61.24041
9607710,2023-09-15 03:05:33.000000,2023-09-19 11:26:24.000000,104.33333333333333,19.59374,66.91147,1.9615516666666666,55.27468666666667
9607710,2024-02-23 19:48:23.000000,2024-02-26 07:08:44.000000,59.333333333333336,18.362005,69.45356833333334,24.658101666666667,58.316455
9607710,2024-03-14 04:57:32.000000,2024-03-15 07:45:13.000000,26.783333333333335,0.6202566666666667,57.35239333333333,-3.5247683333333333,53.30847833333333
9607710,2024-05-14 19:06:30.000000,2024-05-15 08:22:01.000000,13.25,22.845065,-19.059575,20.582475,-20.639395
9607710,2024-08-29 05:36:21.000000,2024-08-31 12:09:58.000000,54.55,11.296941666666667,61.08285333333333,2.5479833333333333,55.91872
9759939,2024-03-06 13:48:02.000000,2024-03-07 13:24:50.000000,23.6,75.28823666666666,71.59915333333333,72.48717333333333,73.817755
9759939,2024-06-02 22:44:29.000000,2024-07-21 05:02:12.000000,1158.2833333333333,71.94190166666667,44.833805,69.53090166666667,38.414856666666665
9866380,2024-03-22 12:43:49.000000,2024-04-12 23:59:29.000000,515.25,14.261811666666667,55.405985,20.28994,38.83015666666667
9901037,2023-01-06 07:52:49.000000,2023-01-07 00:26:46.000000,16.55,42.10995833333333,134.58583833333333,38.60388,132.25406166666667
