vessel_imo,flag,start_date,end_date
8727941,Russia,1997-01-01,
8727953,Russia,1992-01-01,
8727965,Russia,1992-01-01,
8867179,Russia,1971-05-01,
8906951,Denmark (DIS),2011-06-01,2014-05-01
8906951,Russia,2014-05-01,
8914855,United Kingdom,2003-07-01,2010-02-01
8914855,Russia,2010-02-01,
9004310,Sierra leone,2015-04-01,2023-02-01
9004310,Togo,2023-02-01,
9016870,United Kingdom,2007-10-01,2007-10-01
9016870,Germany,2007-10-01,2020-11-01
9016870,Russia,2020-11-01,
9017666,Cayman Islands,2003-12-01,2010-06-01
9017666,Sierra leone,2010-06-01,2010-06-01
9017666,Sierra leone,2010-06-01,2022-09-01
9017666,Palau (Republic of),2022-09-01,2022-12-01
9017666,Togo,2022-12-01,2023-11-01
9017666,Not Known,2023-11-01,
9035541,Russia,2012-09-01,2017-06-01
9035541,Russia,2017-06-01,
9040077,Canada,2010-04-01,2020-08-01
9040077,Sierra leone,2020-08-01,2020-11-01
9040077,Russia,2020-11-01,
9046576,Russia,2012-06-01,2012-06-01
9046576,Germany,2012-06-01,2014-05-01
9046576,Russia,2014-05-01,
9056571,Norway (NIS),2006-01-01,2009-05-01
9056571,Panama,2009-05-01,2014-11-01
9056571,Russia,2014-11-01,2018-04-01
9056571,Russia,2018-04-01,
9063732,Russia,2019-03-01,
9104782,Russia,1996-01-01,
9105140,Russia,2018-11-01,2018-11-01
9105140,Germany,2018-11-01,2019-07-01
9105140,Cyprus,2019-07-01,2022-05-01
9105140,Russia,2022-05-01,
9114751,Liberia,2000-07-01,2008-01-01
9114751,Germany,2008-01-01,2009-06-01
9114751,Liberia,2009-06-01,2010-05-01
9114751,Portugal (MAR),2010-05-01,2010-05-01
9114751,Germany,2010-05-01,2020-07-01
9114751,Russia,2020-07-01,2020-07-01
9114751,Germany,2020-07-01,
9131357,Isle of Man,2008-06-01,2020-09-01
9131357,Cameroon,2020-09-01,
9133587,Greece,2001-01-01,2018-08-01
9133587,Palau (Republic of),2018-08-01,2018-10-01
9133587,Panama,2018-10-01,2020-03-01
9133587,Not Known,2020-03-01,2020-05-01
9133587,Cameroon,2020-05-01,2021-06-01
9133587,Cook islands,2021-06-01,2022-07-01
9133587,Tanzania,2022-07-01,2022-11-01
9133587,Not Known,2022-11-01,2023-04-01
9133587,Gabon,2023-04-01,
9137648,India,2015-11-01,2021-02-01
9137648,Cameroon,2021-02-01,2023-08-01
9137648,Palau (Republic of),2023-08-01,2024-04-01
9137648,Cook islands,2024-04-01,
9144782,Panama,2011-03-01,2011-09-01
9144782,Bangladesh,2011-09-01,2020-10-01
9144782,Cameroon,2020-10-01,2023-03-01
9144782,Cameroon,2023-03-01,
9163752,Panama,2022-03-01,2022-09-01
9163752,Russia,2022-09-01,
9166314,Russia,2019-07-01,
9168946,Bahamas,2009-04-01,2021-06-01
9168946,Liberia,2021-06-01,2021-12-01
9168946,Cameroon,2021-12-01,
9171175,Russia,2002-01-01,2005-01-01
9171175,Russia,2005-01-01,2006-05-01
9171175,Malta,2006-05-01,2011-12-01
9171175,Liberia,2011-12-01,2017-08-01
9171175,Russia,2017-08-01,2017-08-01
9171175,Cyprus,2017-08-01,2019-04-01
9171175,Russia,2019-04-01,2019-04-01
9171175,Cyprus,2019-04-01,2023-08-01
9171175,Russia,2023-08-01,
9171357,Malta,2000-06-01,2005-09-01
9171357,Greece,2005-09-01,2016-05-01
9171357,Malta,2016-05-01,2021-04-01
9171357,Gabon,2021-04-01,2023-08-01
9171357,Palau (Republic of),2023-08-01,2024-08-01
9171357,Not Known,2024-08-01,
9171735,Luxembourg,2003-01-01,2005-04-01
9171735,Marshall Islands,2005-04-01,2017-12-01
9171735,Cyprus,2017-12-01,2018-12-01
9171735,Russia,2018-12-01,2022-03-01
9171735,Liberia,2022-03-01,
9175078,Liberia,2002-06-01,2005-09-01
9175078,Germany,2005-09-01,2009-09-01
9175078,Germany,2009-09-01,2009-09-01
9175078,Liberia,2009-09-01,2014-02-01
9175078,Liberia,2014-02-01,2021-06-01
9175078,Panama,2021-06-01,
9183271,Norway (NIS),2000-02-01,2001-07-01
9183271,Liberia,2001-07-01,2012-03-01
9183271,Bahamas,2012-03-01,2021-02-01
9183271,Cameroon,2021-02-01,2024-08-01
9183271,St.Kitts and Nevis,2024-08-01,
9183295,Malta,2008-02-01,2020-08-01
9183295,Cameroon,2020-08-01,2023-03-01
9183295,Palau (Republic of),2023-03-01,2024-04-01
9183295,Cook islands,2024-04-01,
9183831,Isle of Man,2000-06-01,2000-06-01
9183831,Germany,2000-06-01,2012-05-01
9183831,Portugal (MAR),2012-05-01,2021-12-01
9183831,Russia,2021-12-01,2021-12-01
9183831,Germany,2021-12-01,
9185528,Marshall Islands,2003-04-01,2016-12-01
9185528,Greece,2016-12-01,2020-10-01
9185528,Cameroon,2020-10-01,
9186625,Liberia,2016-01-01,2023-04-01
9186625,Barbados,2023-04-01,
9187227,Norway (NIS),2001-01-01,2003-08-01
9187227,Marshall Islands,2003-08-01,2003-08-01
9187227,Germany,2003-08-01,2014-07-01
9187227,Liberia,2014-07-01,2014-07-01
9187227,Germany,2014-07-01,2020-09-01
9187227,Cameroon,2020-09-01,2020-09-01
9187227,Cameroon,2020-09-01,2024-07-01
9187227,Sierra leone,2024-07-01,
9189146,Germany,2001-05-01,2001-05-01
9189146,Cayman Islands,2001-05-01,2001-05-01
9189146,Germany,2001-05-01,2009-05-01
9189146,Italy,2009-05-01,2019-08-01
9189146,Italy,2019-08-01,2019-12-01
9189146,Cyprus,2019-12-01,2022-03-01
9189146,Panama,2022-03-01,2024-04-01
9189146,Comoros,2024-04-01,
9194012,Russia,2002-10-01,2008-04-01
9194012,Malta,2008-04-01,2018-12-01
9194012,Russia,2018-12-01,
9194983,India,2017-01-01,2021-01-01
9194983,Panama,2021-01-01,2024-09-01
9194983,Not Known,2024-09-01,
9194995,Cayman Islands,2016-06-01,2021-11-01
9194995,Palau (Republic of),2021-11-01,
9198290,Greece,2002-10-01,2008-04-01
9198290,Malta,2008-04-01,2019-02-01
9198290,India,2019-02-01,2023-01-01
9198290,Tanzania,2023-01-01,
9198783,Marshall Islands,2009-07-01,2014-10-01
9198783,Malta,2014-10-01,2022-05-01
9198783,Russia,2022-05-01,
9199713,Marshall Islands,2003-09-01,2009-07-01
9199713,Liberia,2009-07-01,2019-01-01
9199713,Marshall Islands,2019-01-01,2021-04-01
9199713,Djibouti,2021-04-01,2021-05-01
9199713,Palau (Republic of),2021-05-01,2021-09-01
9199713,Not Known,2021-09-01,2021-11-01
9199713,Palau (Republic of),2021-11-01,2022-09-01
9199713,Djibouti,2022-09-01,2024-03-01
9199713,Palau (Republic of),2024-03-01,
9205067,Bahrain,2001-01-01,2001-01-01
9205067,Kuwait,2001-01-01,2015-07-01
9205067,Liberia,2015-07-01,2021-03-01
9205067,Cameroon,2021-03-01,2023-10-01
9205067,Palau (Republic of),2023-10-01,2024-03-01
9205067,Cook islands,2024-03-01,
9206671,Cayman Islands,2001-01-01,2005-01-01
9206671,Bahamas,2005-01-01,2020-12-01
9206671,Norway (NIS),2020-12-01,2021-06-01
9206671,Liberia,2021-06-01,2022-03-01
9206671,Cameroon,2022-03-01,
9207027,Liberia,2014-02-01,2020-11-01
9207027,Cameroon,2020-11-01,
9208069,Greece,2002-12-01,2007-09-01
9208069,India,2007-09-01,2020-12-01
9208069,Panama,2020-12-01,
9208124,Cyprus,2001-12-01,2001-12-01
9208124,Germany,2001-12-01,2016-06-01
9208124,Germany,2016-06-01,2016-06-01
9208124,Portugal (MAR),2016-06-01,2019-10-01
9208124,Liberia,2019-10-01,2022-10-01
9208124,Palau (Republic of),2022-10-01,
9209972,India,2005-03-01,2020-08-01
9209972,Gabon,2020-08-01,2023-03-01
9209972,Palau (Republic of),2023-03-01,
9211896,Malta,2001-04-01,2004-01-01
9211896,Russia,2004-01-01,2013-05-01
9211896,Russia,2013-05-01,2013-05-01
9211896,Malta,2013-05-01,
9211999,Malta,2013-06-01,2022-05-01
9211999,Russia,2022-05-01,
9212008,Malta,2013-05-01,2022-05-01
9212008,Russia,2022-05-01,
9213296,Marshall Islands,2001-02-01,2006-09-01
9213296,Canada,2006-09-01,2012-10-01
9213296,Marshall Islands,2012-10-01,2018-11-01
9213296,Liberia,2018-11-01,2018-11-01
9213296,Comoros,2018-11-01,2019-05-01
9213296,Panama,2019-05-01,2024-08-01
9213296,Not Known,2024-08-01,
9213313,Marshall Islands,2001-10-01,2020-11-01
9213313,Cameroon,2020-11-01,2022-01-01
9213313,Palau (Republic of),2022-01-01,2022-10-01
9213313,Guinea-Bissau,2022-10-01,2023-01-01
9213313,Not Known,2023-01-01,2023-03-01
9213313,Panama,2023-03-01,2024-01-01
9213313,Gabon,2024-01-01,
9215098,Italy,2002-01-01,2005-08-01
9215098,Denmark (DIS),2005-08-01,2018-11-01
9215098,Panama,2018-11-01,2018-12-01
9215098,"Hong Kong, China",2018-12-01,
9217319,Malta,2002-04-01,2003-03-01
9217319,Turkey,2003-03-01,2013-04-01
9217319,Russia,2013-04-01,
9217321,Turkey,2001-01-01,2002-02-01
9217321,Sweden,2002-02-01,2006-10-01
9217321,United States of America,2006-10-01,2012-07-01
9217321,Dominica,2012-07-01,2012-09-01
9217321,Russia,2012-09-01,2022-06-01
9217321,Russia,2022-06-01,2022-06-01
9217321,Sierra leone,2022-06-01,2022-06-01
9217321,Dominica,2022-06-01,
9218181,Liberia,2019-12-01,2020-11-01
9218181,Palau (Republic of),2020-11-01,
9220938,Italy,2001-09-01,2020-12-01
9220938,Palau (Republic of),2020-12-01,2022-06-01
9220938,Cook islands,2022-06-01,
9222560,Singapore,2000-01-01,2008-07-01
9222560,Marshall Islands,2008-07-01,2011-03-01
9222560,Mexico,2011-03-01,2015-02-01
9222560,Liberia,2015-02-01,2017-05-01
9222560,Mexico,2017-05-01,2020-02-01
9222560,Panama,2020-02-01,
9224283,Marshall Islands,2002-08-01,2022-07-01
9224283,St.Kitts and Nevis,2022-07-01,2023-05-01
9224283,Cook islands,2023-05-01,2023-06-01
9224283,Togo,2023-06-01,2023-08-01
9224283,Cook islands,2023-08-01,
9224441,Liberia,2002-03-01,2023-10-01
9224441,Panama,2023-10-01,
9224465,Liberia,2002-08-01,2023-10-01
9224465,Panama,2023-10-01,
9227443,Malta,2002-01-01,2021-02-01
9227443,Gabon,2021-02-01,2021-04-01
9227443,Vietnam,2021-04-01,2024-07-01
9227443,Sierra leone,2024-07-01,
9228332,Malta,2001-03-01,2001-05-01
9228332,Malta,2001-05-01,2001-05-01
9228332,Cyprus,2001-05-01,2004-01-01
9228332,Russia,2004-01-01,2013-05-01
9228332,Russia,2013-05-01,2013-05-01
9228332,Malta,2013-05-01,
9229374,Greece,2002-06-01,2009-02-01
9229374,Liberia,2009-02-01,2021-05-01
9229374,Cameroon,2021-05-01,
9230971,Denmark (DIS),2001-01-01,2007-03-01
9230971,Liberia,2007-03-01,2007-03-01
9230971,Germany,2007-03-01,2014-11-01
9230971,Liberia,2014-11-01,2014-11-01
9230971,Germany,2014-11-01,2020-07-01
9230971,Panama,2020-07-01,
9231212,Bahamas,2002-02-01,2011-07-01
9231212,Malta,2011-07-01,2021-09-01
9231212,Panama,2021-09-01,
9231468,Denmark (DIS),2002-01-01,2002-05-01
9231468,Panama,2002-05-01,2002-10-01
9231468,Norway (NIS),2002-10-01,2015-06-01
9231468,Liberia,2015-06-01,2023-02-01
9231468,Palau (Republic of),2023-02-01,
9231509,Liberia,2002-11-01,2022-04-01
9231509,Gabon,2022-04-01,2022-06-01
9231509,Liberia,2022-06-01,2022-12-01
9231509,Belize,2022-12-01,
9231767,Malta,2002-06-01,2021-06-01
9231767,Palau (Republic of),2021-06-01,2022-09-01
9231767,Liberia,2022-09-01,2024-03-01
9231767,Antigua and Barbuda,2024-03-01,
9232888,Liberia,2003-02-01,2023-02-01
9232888,Palau (Republic of),2023-02-01,2024-06-01
9232888,Cook islands,2024-06-01,
9232929,Marshall Islands,2002-12-01,2002-12-01
9232929,Germany,2002-12-01,2006-01-01
9232929,Germany,2006-01-01,2011-02-01
9232929,Malta,2011-02-01,2020-09-01
9232929,Cyprus,2020-09-01,2020-09-01
9232929,Malta,2020-09-01,2020-09-01
9232929,Germany,2020-09-01,2023-03-01
9232929,Liberia,2023-03-01,2024-02-01
9232929,Antigua and Barbuda,2024-02-01,
9232931,Norway (NIS),2003-01-01,2003-10-01
9232931,Marshall Islands,2003-10-01,2003-10-01
9232931,Germany,2003-10-01,2008-11-01
9232931,Norway (NIS),2008-11-01,2020-09-01
9232931,Marshall Islands,2020-09-01,2023-05-01
9232931,Panama,2023-05-01,
9233349,Marshall Islands,2011-08-01,2019-08-01
9233349,Panama,2019-08-01,2020-01-01
9233349,Not Known,2020-01-01,2020-03-01
9233349,Djibouti,2020-03-01,2022-11-01
9233349,Not Known,2022-11-01,2023-01-01
9233349,Belize,2023-01-01,
9233741,Cayman Islands,2003-06-01,2003-06-01
9233741,Germany,2003-06-01,2010-06-01
9233741,Liberia,2010-06-01,2010-06-01
9233741,Germany,2010-06-01,2021-04-01
9233741,Vietnam,2021-04-01,2021-04-01
9233741,Vietnam,2021-04-01,2021-04-01
9233741,Germany,2021-04-01,2024-07-01
9233741,Sierra leone,2024-07-01,
9233765,Marshall Islands,2003-01-01,2024-03-01
9233765,Panama,2024-03-01,
9234501,Croatia,2002-01-01,2004-08-01
9234501,Liberia,2004-08-01,2005-07-01
9234501,Mexico,2005-07-01,2020-01-01
9234501,Panama,2020-01-01,
9234642,Malta,2003-01-01,2020-11-01
9234642,Panama,2020-11-01,2024-06-01
9234642,Liberia,2024-06-01,2024-07-01
9234642,Palau (Republic of),2024-07-01,2024-09-01
9234642,Liberia,2024-09-01,
9235684,Russia,2000-11-01,2003-09-01
9235684,Malta,2003-09-01,2004-01-01
9235684,Malta,2004-01-01,2004-01-01
9235684,Russia,2004-01-01,2013-05-01
9235684,Russia,2013-05-01,
9235713,Greece,2003-01-01,2022-04-01
9235713,Panama,2022-04-01,
9235725,Greece,2003-04-01,2021-08-01
9235725,Panama,2021-08-01,
9236004,Greece,2002-01-01,2018-11-01
9236004,Liberia,2018-11-01,2021-06-01
9236004,Panama,2021-06-01,
9236016,Greece,2003-01-01,2003-07-01
9236016,Malta,2003-07-01,2004-12-01
9236016,Greece,2004-12-01,2018-11-01
9236016,Liberia,2018-11-01,2018-11-01
9236016,Liberia,2018-11-01,2020-02-01
9236016,Panama,2020-02-01,2020-10-01
9236016,Cyprus,2020-10-01,2022-12-01
9236016,Liberia,2022-12-01,2024-03-01
9236016,Antigua and Barbuda,2024-03-01,
9236353,Greece,2003-01-01,2004-08-01
9236353,Marshall Islands,2004-08-01,2007-10-01
9236353,Bahamas,2007-10-01,2020-02-01
9236353,Liberia,2020-02-01,2020-06-01
9236353,Cyprus,2020-06-01,2021-03-01
9236353,Palau (Republic of),2021-03-01,2021-03-01
9236353,Djibouti,2021-03-01,2021-09-01
9236353,Not Known,2021-09-01,2021-11-01
9236353,Palau (Republic of),2021-11-01,2022-09-01
9236353,Liberia,2022-09-01,2024-02-01
9236353,Antigua and Barbuda,2024-02-01,
9236640,Greece,2002-01-01,2014-12-01
9236640,Malta,2014-12-01,2022-08-01
9236640,Liberia,2022-08-01,2024-02-01
9236640,Gabon,2024-02-01,
9236743,Marshall Islands,2001-01-01,2001-10-01
9236743,Malta,2001-10-01,2019-10-01
9236743,Russia,2019-10-01,
9236755,Marshall Islands,2002-01-01,2002-03-01
9236755,Malta,2002-03-01,2022-01-01
9236755,Palau (Republic of),2022-01-01,
9237228,Isle of Man,2002-01-01,2002-01-01
9237228,Liberia,2002-01-01,2012-01-01
9237228,Marshall Islands,2012-01-01,2019-12-01
9237228,Panama,2019-12-01,2024-02-01
9237228,Comoros,2024-02-01,
9237412,India,2003-01-01,2023-07-01
9237412,Panama,2023-07-01,2024-07-01
9237412,Gabon,2024-07-01,
9239642,Qatar,2002-01-01,2007-02-01
9239642,Vietnam,2007-02-01,2024-02-01
9239642,Antigua and Barbuda,2024-02-01,
9240407,Kuwait,2003-01-01,2012-01-01
9240407,Panama,2012-01-01,
9240885,Denmark (DIS),2002-01-01,2014-06-01
9240885,Marshall Islands,2014-06-01,2016-01-01
9240885,Singapore,2016-01-01,2020-08-01
9240885,"Hong Kong, China",2020-08-01,
9242118,Malta,2003-06-01,2006-07-01
9242118,Liberia,2006-07-01,2006-07-01
9242118,Germany,2006-07-01,2018-07-01
9242118,Marshall Islands,2018-07-01,2018-07-01
9242118,Germany,2018-07-01,2020-09-01
9242118,Panama,2020-09-01,2020-10-01
9242118,Malaysia,2020-10-01,
9242120,Malta,2003-08-01,2006-08-01
9242120,Liberia,2006-08-01,2006-08-01
9242120,Germany,2006-08-01,2018-05-01
9242120,Marshall Islands,2018-05-01,2018-05-01
9242120,Germany,2018-05-01,2020-02-01
9242120,St.Kitts and Nevis,2020-02-01,2021-01-01
9242120,Togo,2021-01-01,2022-12-01
9242120,Panama,2022-12-01,
9242223,Greece,2003-01-01,2004-03-01
9242223,"Hong Kong, China",2004-03-01,2012-09-01
9242223,Panama,2012-09-01,2016-07-01
9242223,Singapore,2016-07-01,2022-11-01
9242223,Liberia,2022-11-01,
9246475,Marshall Islands,2003-03-01,2004-09-01
9246475,Marshall Islands,2004-09-01,2004-09-01
9246475,Germany,2004-09-01,2020-02-01
9246475,Liberia,2020-02-01,2020-02-01
9246475,Germany,2020-02-01,2024-04-01
9246475,Panama,2024-04-01,
9247065,Panama,2003-04-01,2005-01-01
9247065,Saudi Arabia,2005-01-01,2014-06-01
9247065,Saudi Arabia,2014-06-01,2014-06-01
9247065,Panama,2014-06-01,2018-03-01
9247065,Dominica,2018-03-01,2020-12-01
9247065,"Hong Kong, China",2020-12-01,
9247431,Bahamas,2003-01-01,2017-03-01
9247431,Liberia,2017-03-01,2023-01-01
9247431,Panama,2023-01-01,
9247778,Marshall Islands,2002-03-01,2008-08-01
9247778,Denmark (DIS),2008-08-01,2019-08-01
9247778,Panama,2019-08-01,2020-07-01
9247778,Palau (Republic of),2020-07-01,
9247780,Isle of Man,2003-01-01,2013-01-01
9247780,Liberia,2013-01-01,2023-08-01
9247780,Panama,2023-08-01,
9247792,Isle of Man,2003-01-01,2013-03-01
9247792,Liberia,2013-03-01,2023-06-01
9247792,Panama,2023-06-01,
9247883,Liberia,2002-12-01,2017-04-01
9247883,Panama,2017-04-01,2021-06-01
9247883,Tuvalu,2021-06-01,2022-07-01
9247883,Palau (Republic of),2022-07-01,2024-03-01
9247883,Cook islands,2024-03-01,
9248796,Panama,2002-01-01,2003-01-01
9248796,Malta,2003-01-01,2022-07-01
9248796,Marshall Islands,2022-07-01,2024-03-01
9248796,Guinea-Bissau,2024-03-01,
9248801,Greece,2003-01-01,2003-01-01
9248801,Panama,2003-01-01,2011-08-01
9248801,Malta,2011-08-01,2022-06-01
9248801,St.Kitts and Nevis,2022-06-01,2023-04-01
9248801,Not Known,2023-04-01,2023-06-01
9248801,Panama,2023-06-01,
9248849,Marshall Islands,2004-01-01,2019-07-01
9248849,Indonesia,2019-07-01,2023-07-01
9248849,Marshall Islands,2023-07-01,2024-07-01
9248849,Indonesia,2024-07-01,2024-08-01
9248849,Sierra leone,2024-08-01,
9249087,Croatia,2005-01-01,2017-07-01
9249087,Liberia,2017-07-01,2024-04-01
9249087,Not Known,2024-04-01,
9249128,Cyprus,2004-01-01,2022-11-01
9249128,Panama,2022-11-01,2024-04-01
9249128,Russia,2024-04-01,
9249130,Cyprus,2004-09-01,2021-08-01
9249130,Panama,2021-08-01,2022-11-01
9249130,Liberia,2022-11-01,2024-04-01
9249130,Antigua and Barbuda,2024-04-01,
9249312,Liberia,2001-01-01,2001-11-01
9249312,Norway,2001-11-01,2003-07-01
9249312,Liberia,2003-07-01,2003-07-01
9249312,Germany,2003-07-01,2019-05-01
9249312,Liberia,2019-05-01,2019-05-01
9249312,Germany,2019-05-01,2022-01-01
9249312,Panama,2022-01-01,2022-10-01
9249312,Palau (Republic of),2022-10-01,2023-07-01
9249312,Panama,2023-07-01,2024-06-01
9249312,Palau (Republic of),2024-06-01,2024-08-01
9249312,Cook islands,2024-08-01,2024-08-01
9249312,Panama,2024-08-01,
9249324,Liberia,2001-01-01,2001-12-01
9249324,Norway (NIS),2001-12-01,2003-08-01
9249324,Liberia,2003-08-01,2003-08-01
9249324,Germany,2003-08-01,2019-05-01
9249324,Liberia,2019-05-01,2019-05-01
9249324,Germany,2019-05-01,2022-07-01
9249324,Liberia,2022-07-01,2024-03-01
9249324,Gabon,2024-03-01,
9250531,Greece,2004-03-01,2021-06-01
9250531,Marshall Islands,2021-06-01,2023-07-01
9250531,Palau (Republic of),2023-07-01,2024-03-01
9250531,Cook islands,2024-03-01,
9250543,Greece,2004-01-01,2021-05-01
9250543,Marshall Islands,2021-05-01,2023-07-01
9250543,Panama,2023-07-01,
9250892,Singapore,2003-03-01,2021-03-01
9250892,Vietnam,2021-03-01,2024-06-01
9250892,Sierra leone,2024-06-01,
9250907,Singapore,2003-05-01,2020-12-01
9250907,Panama,2020-12-01,2020-12-01
9250907,Not Known,2020-12-01,
9251274,Liberia,2003-06-01,2017-02-01
9251274,Saudi Arabia,2017-02-01,2022-11-01
9251274,Panama,2022-11-01,
9251456,Malta,2002-01-01,2004-06-01
9251456,Marshall Islands,2004-06-01,2004-06-01
9251456,Germany,2004-06-01,2019-10-01
9251456,Malta,2019-10-01,2019-10-01
9251456,Not Known,2019-10-01,2019-10-01
9251456,Germany,2019-10-01,2020-03-01
9251456,Panama,2020-03-01,
9251810,Isle of Man,2002-11-01,2013-01-01
9251810,Liberia,2013-01-01,2023-06-01
9251810,Panama,2023-06-01,
9252400,Panama,2002-01-01,2012-11-01
9252400,Greece,2012-11-01,2023-02-01
9252400,Cook islands,2023-02-01,
9252436,Italy,2003-06-01,2008-03-01
9252436,Bermuda,2008-03-01,2020-12-01
9252436,"Hong Kong, China",2020-12-01,
9253076,Singapore,2003-08-01,2021-03-01
9253076,Vietnam,2021-03-01,2024-08-01
9253076,Sierra leone,2024-08-01,
9253234,Norway (NIS),2003-04-01,2004-06-01
9253234,Marshall Islands,2004-06-01,2023-02-01
9253234,Gabon,2023-02-01,
9253313,Singapore,2003-01-01,2021-05-01
9253313,Liberia,2021-05-01,2024-03-01
9253313,Cook islands,2024-03-01,
9253325,Singapore,2004-01-01,2013-06-01
9253325,Liberia,2013-06-01,2023-03-01
9253325,Panama,2023-03-01,
9253595,Malta,2003-01-01,2006-02-01
9253595,Italy,2006-02-01,2013-12-01
9253595,Malta,2013-12-01,2023-05-01
9253595,Panama,2023-05-01,
9253894,Liberia,2002-01-01,2004-02-01
9253894,Germany,2004-02-01,2004-02-01
9253894,Marshall Islands,2004-02-01,2004-02-01
9253894,Germany,2004-02-01,2021-12-01
9253894,Cyprus,2021-12-01,2022-08-01
9253894,Gabon,2022-08-01,2023-06-01
9253894,Liberia,2023-06-01,2024-03-01
9253894,Antigua and Barbuda,2024-03-01,
9253909,Liberia,2002-01-01,2006-05-01
9253909,Germany,2006-05-01,2006-05-01
9253909,Marshall Islands,2006-05-01,2006-05-01
9253909,Germany,2006-05-01,2022-01-01
9253909,Cyprus,2022-01-01,2022-12-01
9253909,Palau (Republic of),2022-12-01,
9254915,Liberia,2004-01-01,2019-07-01
9254915,Panama,2019-07-01,2019-11-01
9254915,Gabon,2019-11-01,2020-02-01
9254915,Malaysia,2020-02-01,2020-12-01
9254915,Panama,2020-12-01,
9255244,Liberia,2003-01-01,2006-06-01
9255244,Panama,2006-06-01,2008-09-01
9255244,United States of America,2008-09-01,2023-06-01
9255244,Panama,2023-06-01,
9255268,Finland,2003-09-01,2015-09-01
9255268,Sweden,2015-09-01,2018-04-01
9255268,Russia,2018-04-01,
9255270,Finland,2004-01-01,2015-09-01
9255270,Sweden,2015-09-01,2021-12-01
9255270,Russia,2021-12-01,
9255660,Malta,2004-01-01,2023-05-01
9255660,Panama,2023-05-01,
9255672,Malta,2004-02-01,2024-04-01
9255672,Cook islands,2024-04-01,
9255830,Singapore,2003-06-01,2005-09-01
9255830,Vietnam,2005-09-01,2022-03-01
9255830,Vietnam,2022-03-01,
9256028,Greece,2003-01-01,2013-07-01
9256028,Cyprus,2013-07-01,2020-07-01
9256028,Marshall Islands,2020-07-01,2022-08-01
9256028,Djibouti,2022-08-01,
9256054,Liberia,2003-08-01,2024-02-01
9256054,Gabon,2024-02-01,2024-04-01
9256054,Russia,2024-04-01,
9256066,Liberia,2003-10-01,2024-01-01
9256066,Russia,2024-01-01,
9256078,Liberia,2003-12-01,2024-01-01
9256078,Gabon,2024-01-01,2024-04-01
9256078,Russia,2024-04-01,
9256913,Liberia,2003-12-01,2022-01-01
9256913,Cook islands,2022-01-01,
9257022,Panama,2003-10-01,2007-10-01
9257022,Singapore,2007-10-01,2014-12-01
9257022,Marshall Islands,2014-12-01,2018-03-01
9257022,Liberia,2018-03-01,2023-01-01
9257022,St.Kitts and Nevis,2023-01-01,2023-04-01
9257022,Gabon,2023-04-01,
9257137,Greece,2003-09-01,2022-01-01
9257137,Marshall Islands,2022-01-01,2022-06-01
9257137,Panama,2022-06-01,2024-03-01
9257137,Cook islands,2024-03-01,
9257814,Greece,2002-01-01,2010-04-01
9257814,Pakistan,2010-04-01,2022-12-01
9257814,Panama,2022-12-01,2023-05-01
9257814,Palau (Republic of),2023-05-01,2024-04-01
9257814,Cook islands,2024-04-01,
9257993,Liberia,2003-08-01,2021-10-01
9257993,Panama,2021-10-01,2024-04-01
9257993,Not Known,2024-04-01,2024-05-01
9257993,San Marino,2024-05-01,
9258002,Liberia,2003-10-01,2024-01-01
9258002,Russia,2024-01-01,
9258026,Panama,2003-09-01,2003-09-01
9258026,Philippines,2003-09-01,2003-09-01
9258026,Panama,2003-09-01,2013-01-01
9258026,Malta,2013-01-01,2021-09-01
9258026,Marshall Islands,2021-09-01,2023-06-01
9258026,Palau (Republic of),2023-06-01,
9258167,Liberia,2003-11-01,2024-01-01
9258167,Gabon,2024-01-01,
9258868,Isle of Man,2003-05-01,2017-09-01
9258868,Marshall Islands,2017-09-01,2021-03-01
9258868,Panama,2021-03-01,2021-04-01
9258868,Vietnam,2021-04-01,
9258870,Isle of Man,2003-07-01,2017-02-01
9258870,Malta,2017-02-01,2018-07-01
9258870,Marshall Islands,2018-07-01,2022-05-01
9258870,Panama,2022-05-01,2024-05-01
9258870,Barbados,2024-05-01,
9258882,Isle of Man,2003-12-01,2017-09-01
9258882,Marshall Islands,2017-09-01,2021-05-01
9258882,Vietnam,2021-05-01,
9259185,Cayman Islands,2002-01-01,2004-12-01
9259185,"Hong Kong, China",2004-12-01,2020-01-01
9259185,Panama,2020-01-01,2024-02-01
9259185,Comoros,2024-02-01,2024-04-01
9259185,Not Known,2024-04-01,2024-07-01
9259185,Comoros FALSE,2024-07-01,
9259197,Liberia,2002-01-01,2002-12-01
9259197,Panama,2002-12-01,2014-04-01
9259197,Marshall Islands,2014-04-01,2022-02-01
9259197,Liberia,2022-02-01,2022-11-01
9259197,Panama,2022-11-01,
9259599,Isle of Man,2003-08-01,2014-09-01
9259599,Liberia,2014-09-01,2024-04-01
9259599,Not Known,2024-04-01,
9259733,China Peoples's Republic,2004-06-01,2021-08-01
9259733,China Peoples's Republic,2021-08-01,2022-05-01
9259733,Liberia,2022-05-01,2022-10-01
9259733,Panama,2022-10-01,
9259745,China Peoples's Republic,2004-12-01,2021-08-01
9259745,China Peoples's Republic,2021-08-01,2022-08-01
9259745,Liberia,2022-08-01,2022-11-01
9259745,Panama,2022-11-01,
9259991,Greece,2003-05-01,2005-06-01
9259991,Malta,2005-06-01,2005-06-01
9259991,Germany,2005-06-01,2023-03-01
9259991,Marshall Islands,2023-03-01,2023-03-01
9259991,Germany,2023-03-01,2024-03-01
9259991,Panama,2024-03-01,
9260275,Marshall Islands,2004-01-01,2004-01-01
9260275,Germany,2004-01-01,2015-10-01
9260275,Panama,2015-10-01,2015-10-01
9260275,Germany,2015-10-01,2024-08-01
9260275,Sierra leone,2024-08-01,
9260823,Italy,2004-03-01,2020-10-01
9260823,Vietnam,2020-10-01,2024-07-01
9260823,Sierra leone,2024-07-01,
9261401,Greece,2003-11-01,2005-06-01
9261401,Malta,2005-06-01,2005-06-01
9261401,Germany,2005-06-01,2023-03-01
9261401,Marshall Islands,2023-03-01,2023-03-01
9261401,Germany,2023-03-01,2024-03-01
9261401,Barbados,2024-03-01,
9261657,United Kingdom,2004-03-01,2008-12-01
9261657,Denmark (DIS),2008-12-01,2009-09-01
9261657,Gibraltar,2009-09-01,2016-08-01
9261657,"Hong Kong, China",2016-08-01,2023-12-01
9261657,Palau (Republic of),2023-12-01,2024-04-01
9261657,Cook islands,2024-04-01,
9262170,Turkey,2004-01-01,2014-09-01
9262170,Belize,2014-09-01,2014-11-01
9262170,Belize,2014-11-01,2014-11-01
9262170,Russia,2014-11-01,2019-03-01
9262170,Russia,2019-03-01,
9262924,Greece,2002-09-01,2002-09-01
9262924,Greece,2002-09-01,2006-05-01
9262924,Marshall Islands,2006-05-01,2012-06-01
9262924,Malta,2012-06-01,2021-01-01
9262924,Panama,2021-01-01,2024-08-01
9262924,Sierra leone,2024-08-01,
9263186,Cyprus,2004-01-01,2014-12-01
9263186,Singapore,2014-12-01,2022-07-01
9263186,Marshall Islands,2022-07-01,2024-03-01
9263186,Guinea-Bissau,2024-03-01,
9263198,Cyprus,2004-01-01,2014-12-01
9263198,Singapore,2014-12-01,2022-08-01
9263198,Marshall Islands,2022-08-01,2024-03-01
9263198,Guinea-Bissau,2024-03-01,
9263203,Cyprus,2004-01-01,2014-12-01
9263203,Singapore,2014-12-01,2022-07-01
9263203,Marshall Islands,2022-07-01,2024-03-01
9263203,Guinea-Bissau,2024-03-01,
9263643,"Hong Kong, China",2003-11-01,2007-11-01
9263643,Singapore,2007-11-01,2018-04-01
9263643,Panama,2018-04-01,2019-11-01
9263643,Liberia,2019-11-01,2021-02-01
9263643,Palau (Republic of),2021-02-01,2021-11-01
9263643,Cook islands,2021-11-01,
9264570,Panama,2002-01-01,2003-07-01
9264570,"Hong Kong, China",2003-07-01,2014-11-01
9264570,Liberia,2014-11-01,2020-06-01
9264570,Panama,2020-06-01,
9265756,Cyprus,2005-06-01,2011-09-01
9265756,"Hong Kong, China",2011-09-01,2022-06-01
9265756,Marshall Islands,2022-06-01,2024-03-01
9265756,Barbados,2024-03-01,
9265873,Cyprus,2004-01-01,2006-05-01
9265873,Marshall Islands,2006-05-01,2023-05-01
9265873,Palau (Republic of),2023-05-01,2024-04-01
9265873,Cook islands,2024-04-01,
9265885,Cyprus,2004-03-01,2006-01-01
9265885,Marshall Islands,2006-01-01,2017-11-01
9265885,Liberia,2017-11-01,2023-02-01
9265885,Palau (Republic of),2023-02-01,2024-06-01
9265885,Sierra leone,2024-06-01,
9266475,Panama,2003-01-01,2014-09-01
9266475,Marshall Islands,2014-09-01,2023-03-01
9266475,Palau (Republic of),2023-03-01,
9266750,Liberia,2004-11-01,2019-01-01
9266750,Panama,2019-01-01,2023-03-01
9266750,Liberia,2023-03-01,2024-07-01
9266750,Barbados,2024-07-01,
9266762,Liberia,2005-04-01,2018-10-01
9266762,Panama,2018-10-01,2019-06-01
9266762,Liberia,2019-06-01,
9266853,Isle of Man,2004-01-01,2016-02-01
9266853,Marshall Islands,2016-02-01,2024-03-01
9266853,Panama,2024-03-01,
9268112,Bahamas,2003-09-01,2016-03-01
9268112,Liberia,2016-03-01,2022-03-01
9268112,Panama,2022-03-01,2024-02-01
9268112,Gabon,2024-02-01,
9269257,Malta,2004-03-01,2005-11-01
9269257,Marshall Islands,2005-11-01,2011-12-01
9269257,Bermuda,2011-12-01,2014-07-01
9269257,Singapore,2014-07-01,2022-07-01
9269257,Liberia,2022-07-01,2023-12-01
9269257,Antigua and Barbuda,2023-12-01,
9269350,Russia,2004-01-01,
9269403,Italy,2003-08-01,2022-07-01
9269403,Cook islands,2022-07-01,
9270517,Liberia,2003-08-01,2022-02-01
9270517,Panama,2022-02-01,2024-05-01
9270517,Not Known,2024-05-01,2024-07-01
9270517,Cook islands,2024-07-01,
9270529,Liberia,2003-10-01,2024-01-01
9270529,Gabon,2024-01-01,2024-04-01
9270529,Russia,2024-04-01,
9270749,Panama,2004-10-01,2013-08-01
9270749,India,2013-08-01,2024-01-01
9270749,Barbados,2024-01-01,2024-01-01
9270749,Marshall Islands,2024-01-01,
9271327,Liberia,2003-03-01,2003-03-01
9271327,Germany,2003-03-01,2022-05-01
9271327,Liberia,2022-05-01,2022-05-01
9271327,Germany,2022-05-01,2024-02-01
9271327,Antigua and Barbuda,2024-02-01,
9271573,Portugal (MAR),2004-05-01,2022-07-01
9271573,Panama,2022-07-01,
9271585,Portugal (MAR),2004-01-01,2012-03-01
9271585,Liberia,2012-03-01,2023-01-01
9271585,St.Kitts and Nevis,2023-01-01,2023-04-01
9271585,Gabon,2023-04-01,
9271951,Liberia,2004-09-01,2010-10-01
9271951,Marshall Islands,2010-10-01,2019-03-01
9271951,Liberia,2019-03-01,2019-09-01
9271951,Panama,2019-09-01,
9272931,Liberia,2004-09-01,2017-02-01
9272931,Panama,2017-02-01,2023-02-01
9272931,St.Kitts and Nevis,2023-02-01,2023-05-01
9272931,Cook islands,2023-05-01,2024-09-01
9272931,Gabon,2024-09-01,
9273052,Singapore,2003-01-01,2003-01-01
9273052,Japan,2003-01-01,2010-09-01
9273052,Panama,2010-09-01,2021-03-01
9273052,Gabon,2021-03-01,2021-07-01
9273052,Liberia,2021-07-01,2022-12-01
9273052,Gabon,2022-12-01,
9273442,Cyprus,2004-02-01,2006-03-01
9273442,Liberia,2006-03-01,2006-03-01
9273442,Germany,2006-03-01,2015-06-01
9273442,Marshall Islands,2015-06-01,2015-06-01
9273442,Germany,2015-06-01,2024-03-01
9273442,Guinea-Bissau,2024-03-01,
9274434,Greece,2003-10-01,2018-11-01
9274434,Liberia,2018-11-01,2022-07-01
9274434,St.Kitts and Nevis,2022-07-01,2023-04-01
9274434,Gabon,2023-04-01,
9274446,Greece,2004-01-01,2019-01-01
9274446,Liberia,2019-01-01,2024-04-01
9274446,Not Known,2024-04-01,
9274616,Cyprus,2004-01-01,2018-09-01
9274616,Malta,2018-09-01,2021-01-01
9274616,Tuvalu,2021-01-01,2022-09-01
9274616,Liberia,2022-09-01,2024-04-01
9274616,Not Known,2024-04-01,
9274666,Isle of Man,2005-06-01,2008-05-01
9274666,Norway (NIS),2008-05-01,2009-09-01
9274666,Faroe Islands,2009-09-01,2022-10-01
9274666,Marshall Islands,2022-10-01,2024-03-01
9274666,Panama,2024-03-01,
9274800,Cyprus,2004-01-01,2018-09-01
9274800,Malta,2018-09-01,2022-12-01
9274800,St.Kitts and Nevis,2022-12-01,2023-04-01
9274800,Gabon,2023-04-01,
9275402,Liberia,2004-03-01,
9275658,Isle of Man,2004-04-01,2024-04-01
9275658,"Hong Kong, China",2024-04-01,
9275763,Cyprus,2004-01-01,2005-06-01
9275763,Marshall Islands,2005-06-01,2009-06-01
9275763,Italy,2009-06-01,2023-01-01
9275763,Malta,2023-01-01,2023-02-01
9275763,Marshall Islands,2023-02-01,2024-03-01
9275763,Panama,2024-03-01,
9275995,Panama,2003-01-01,2011-01-01
9275995,Marshall Islands,2011-01-01,2011-11-01
9275995,"Hong Kong, China",2011-11-01,
9276028,Malta,2004-04-01,2021-05-01
9276028,Liberia,2021-05-01,2024-01-01
9276028,Gabon,2024-01-01,
9276030,Malta,2004-05-01,2021-06-01
9276030,Liberia,2021-06-01,2024-01-01
9276030,Gabon,2024-01-01,
9277735,Denmark (DIS),2004-01-01,2011-01-01
9277735,Bahamas,2011-01-01,2014-02-01
9277735,Greece,2014-02-01,2020-05-01
9277735,Liberia,2020-05-01,2022-12-01
9277735,Marshall Islands,2022-12-01,2024-04-01
9277735,Guinea-Bissau,2024-04-01,
9277747,Cyprus,2004-01-01,2021-02-01
9277747,Panama,2021-02-01,2022-03-01
9277747,Cameroon,2022-03-01,2022-07-01
9277747,Liberia,2022-07-01,2024-08-01
9277747,Cook islands,2024-08-01,
9277759,Cyprus,2004-04-01,2021-01-01
9277759,Panama,2021-01-01,2022-04-01
9277759,Cameroon,2022-04-01,2022-09-01
9277759,Liberia,2022-09-01,
9277761,Cyprus,2004-01-01,2021-12-01
9277761,Panama,2021-12-01,2024-05-01
9277761,Not Known,2024-05-01,
9277773,Cyprus,2004-04-01,2023-01-01
9277773,Marshall Islands,2023-01-01,2024-08-01
9277773,Panama,2024-08-01,
9278064,Isle of Man,2004-06-01,2019-09-01
9278064,Singapore,2019-09-01,2023-06-01
9278064,Palau (Republic of),2023-06-01,2024-06-01
9278064,Cook islands,2024-06-01,
9278959,Malta,2002-10-01,2004-02-01
9278959,Russia,2004-02-01,
9279719,Panama,2004-03-01,2004-03-01
9279719,Philippines,2004-03-01,2004-03-01
9279719,Panama,2004-03-01,2013-01-01
9279719,Malta,2013-01-01,2024-01-01
9279719,Antigua and Barbuda,2024-01-01,
9280586,Cyprus,2003-04-01,2006-03-01
9280586,Liberia,2006-03-01,2006-03-01
9280586,Germany,2006-03-01,2015-06-01
9280586,Marshall Islands,2015-06-01,2015-06-01
9280586,Germany,2015-06-01,2024-03-01
9280586,Panama,2024-03-01,
9281011,Bahamas,2004-08-01,2016-03-01
9281011,Liberia,2016-03-01,2022-08-01
9281011,St.Kitts and Nevis,2022-08-01,2023-05-01
9281011,Not Known,2023-05-01,2023-05-01
9281011,Mongolia,2023-05-01,2023-06-01
9281011,Gabon,2023-06-01,
9281425,Bahamas,2005-01-01,2023-05-01
9281425,Marshall Islands,2023-05-01,2024-03-01
9281425,Guinea-Bissau,2024-03-01,
9281891,Panama,2003-09-01,2012-11-01
9281891,Liberia,2012-11-01,2023-03-01
9281891,Panama,2023-03-01,
9282041,Bahamas,2004-04-01,2022-04-01
9282041,Panama,2022-04-01,
9282479,Isle of Man,2005-01-01,2018-10-01
9282479,Marshall Islands,2018-10-01,2022-06-01
9282479,Panama,2022-06-01,
9282481,Isle of Man,2005-03-01,2018-12-01
9282481,Marshall Islands,2018-12-01,2022-12-01
9282481,Panama,2022-12-01,
9282493,Isle of Man,2005-04-01,2018-11-01
9282493,Marshall Islands,2018-11-01,2022-09-01
9282493,Panama,2022-09-01,
9282522,Panama,2004-09-01,2020-03-01
9282522,Belize,2020-03-01,2024-04-01
9282522,Not Known,2024-04-01,2024-05-01
9282522,Comoros,2024-05-01,
9282986,Marshall Islands,2004-02-01,2008-01-01
9282986,Denmark (DIS),2008-01-01,2019-12-01
9282986,Marshall Islands,2019-12-01,2023-01-01
9282986,Sierra leone,2023-01-01,2023-02-01
9282986,Russia,2023-02-01,
9283241,Spain,2004-10-01,2018-02-01
9283241,Liberia,2018-02-01,2023-09-01
9283241,Russia,2023-09-01,
9283289,Singapore,2005-08-01,2020-10-01
9283289,Panama,2020-10-01,
9283291,Singapore,2005-04-01,2020-06-01
9283291,Marshall Islands,2020-06-01,2022-12-01
9283291,Liberia,2022-12-01,2023-07-01
9283291,Palau (Republic of),2023-07-01,2024-04-01
9283291,Cook islands,2024-04-01,
9284116,Azerbaijan,2005-10-01,
9284130,Azerbaijan,2004-10-01,
9284582,Malaysia,2004-01-01,2021-12-01
9284582,Vietnam,2021-12-01,
9284594,Malaysia,2002-01-01,2021-12-01
9284594,Vietnam,2021-12-01,
9284726,Panama,2004-10-01,2014-11-01
9284726,Norway (NIS),2014-11-01,2016-06-01
9284726,"Hong Kong, China",2016-06-01,2023-12-01
9284726,Palau (Republic of),2023-12-01,
9285835,Isle of Man,2005-05-01,2011-06-01
9285835,Bahamas,2011-06-01,2019-06-01
9285835,Liberia,2019-06-01,2021-03-01
9285835,Marshall Islands,2021-03-01,2023-06-01
9285835,Cook islands,2023-06-01,
9285847,Isle of Man,2005-07-01,2011-09-01
9285847,Bahamas,2011-09-01,2019-05-01
9285847,Liberia,2019-05-01,2021-03-01
9285847,Marshall Islands,2021-03-01,2024-03-01
9285847,Panama,2024-03-01,
9285859,Isle of Man,2006-01-01,2012-03-01
9285859,Bahamas,2012-03-01,2019-04-01
9285859,Liberia,2019-04-01,2021-12-01
9285859,Marshall Islands,2021-12-01,2023-06-01
9285859,Cook islands,2023-06-01,2024-07-01
9285859,Honduras,2024-07-01,
9286023,Liberia,2004-07-01,2005-05-01
9286023,Marshall Islands,2005-05-01,2014-03-01
9286023,Greece,2014-03-01,2020-02-01
9286023,Liberia,2020-02-01,2023-02-01
9286023,Marshall Islands,2023-02-01,2024-03-01
9286023,Guinea-Bissau,2024-03-01,
9286657,Liberia,2005-10-01,2023-04-01
9286657,Cook islands,2023-04-01,2024-09-01
9286657,Barbados,2024-09-01,
9288356,Isle of Man,2005-09-01,2023-03-01
9288356,Marshall Islands,2023-03-01,2024-03-01
9288356,Barbados,2024-03-01,
9288693,Greece,2004-10-01,2023-01-01
9288693,Cook islands,2023-01-01,2024-08-01
9288693,Honduras,2024-08-01,
9288708,Greece,2005-01-01,2022-05-01
9288708,Liberia,2022-05-01,2022-12-01
9288708,Cook islands,2022-12-01,2024-09-01
9288708,Honduras,2024-09-01,
9288710,Greece,2005-01-01,2020-04-01
9288710,Liberia,2020-04-01,2022-12-01
9288710,Cook islands,2022-12-01,
9288722,Greece,2005-03-01,2020-05-01
9288722,Liberia,2020-05-01,2023-01-01
9288722,Cook islands,2023-01-01,
9288734,Malta,2005-01-01,2024-03-01
9288734,Cook islands,2024-03-01,
9288746,Malta,2005-01-01,2022-12-01
9288746,St.Kitts and Nevis,2022-12-01,2023-04-01
9288746,Gabon,2023-04-01,
9288851,Liberia,2004-10-01,2004-10-01
9288851,Germany,2004-10-01,2012-10-01
9288851,Malta,2012-10-01,2018-12-01
9288851,Marshall Islands,2018-12-01,2018-12-01
9288851,Germany,2018-12-01,2022-07-01
9288851,Liberia,2022-07-01,2024-03-01
9288851,Gabon,2024-03-01,
9288899,Spain,2005-07-01,2019-01-01
9288899,Liberia,2019-01-01,2023-03-01
9288899,Cook islands,2023-03-01,2024-08-01
9288899,Barbados,2024-08-01,
9288930,Marshall Islands,2004-04-01,2008-01-01
9288930,Denmark (DIS),2008-01-01,2020-01-01
9288930,Marshall Islands,2020-01-01,2023-01-01
9288930,Sierra leone,2023-01-01,2023-02-01
9288930,Russia,2023-02-01,
9288980,Malta,2003-01-01,2004-02-01
9288980,Russia,2004-02-01,2005-06-01
9288980,Russia,2005-06-01,
9288992,Malta,2003-01-01,2004-02-01
9288992,Russia,2004-02-01,2005-06-01
9288992,Russia,2005-06-01,
9289001,Russia,2004-01-01,2004-01-01
9289001,Malta,2004-01-01,2005-07-01
9289001,Russia,2005-07-01,2005-07-01
9289001,Russia,2005-07-01,
9289518,Bahamas,2005-01-01,2023-02-01
9289518,Cook islands,2023-02-01,
9289520,Bahamas,2005-04-01,2023-01-01
9289520,Cook islands,2023-01-01,2024-07-01
9289520,Not Known,2024-07-01,2024-08-01
9289520,Barbados,2024-08-01,
9289532,Bahamas,2005-05-01,2023-02-01
9289532,Cook islands,2023-02-01,
9289738,Liberia,2005-02-01,2024-01-01
9289738,Gabon,2024-01-01,
9289752,Singapore,2005-06-01,2014-01-01
9289752,Marshall Islands,2014-01-01,2023-03-01
9289752,Gabon,2023-03-01,
9289776,Singapore,2005-07-01,2014-01-01
9289776,Marshall Islands,2014-01-01,2023-02-01
9289776,St.Kitts and Nevis,2023-02-01,2023-04-01
9289776,Panama,2023-04-01,
9290309,Panama,2004-01-01,2009-10-01
9290309,Isle of Man,2009-10-01,2013-04-01
9290309,Malta,2013-04-01,2022-10-01
9290309,Panama,2022-10-01,
9290335,Liberia,2004-01-01,2004-10-01
9290335,Greece,2004-10-01,2023-02-01
9290335,St.Kitts and Nevis,2023-02-01,2023-04-01
9290335,Gabon,2023-04-01,
9290373,Turkey,2005-05-01,2018-08-01
9290373,Malta,2018-08-01,2022-04-01
9290373,Marshall Islands,2022-04-01,2023-07-01
9290373,Liberia,2023-07-01,2024-02-01
9290373,Panama,2024-02-01,
9290517,Cyprus,2005-09-01,2006-01-01
9290517,Italy,2006-01-01,2023-02-01
9290517,St.Kitts and Nevis,2023-02-01,2023-04-01
9290517,Mongolia,2023-04-01,2023-05-01
9290517,Not Known,2023-05-01,2023-06-01
9290517,Gabon,2023-06-01,
9290828,Norway (NIS),2005-01-01,2010-01-01
9290828,Marshall Islands,2010-01-01,2023-02-01
9290828,Gabon,2023-02-01,
9290921,Greece,2005-01-01,2007-02-01
9290921,Greece,2007-02-01,2017-01-01
9290921,Bahamas,2017-01-01,2022-01-01
9290921,Marshall Islands,2022-01-01,2023-03-01
9290921,Palau (Republic of),2023-03-01,
9291250,Bahamas,2005-08-01,2009-05-01
9291250,Liberia,2009-05-01,2022-06-01
9291250,Marshall Islands,2022-06-01,2024-03-01
9291250,Guinea-Bissau,2024-03-01,
9291640,Bahamas,2005-08-01,2023-02-01
9291640,Cook islands,2023-02-01,
9292034,Liberia,2004-12-01,2024-01-01
9292034,Gabon,2024-01-01,
9292046,Liberia,2005-09-01,2024-01-01
9292046,Gabon,2024-01-01,
9292058,Liberia,2006-05-01,2024-01-01
9292058,Gabon,2024-01-01,
9292060,Liberia,2006-10-01,2024-01-01
9292060,Gabon,2024-01-01,
9292199,Turkey,2005-07-01,2018-08-01
9292199,Malta,2018-08-01,2022-06-01
9292199,Marshall Islands,2022-06-01,2023-08-01
9292199,Liberia,2023-08-01,2024-02-01
9292199,Panama,2024-02-01,
9292204,Liberia,2005-06-01,2024-01-01
9292204,Gabon,2024-01-01,2024-08-01
9292204,Barbados,2024-08-01,
9292503,Bahamas,2005-01-01,2022-04-01
9292503,Liberia,2022-04-01,2024-03-01
9292503,Antigua and Barbuda,2024-03-01,
9292577,Singapore,2005-07-01,2005-08-01
9292577,Panama,2005-08-01,2017-08-01
9292577,Liberia,2017-08-01,2023-06-01
9292577,Panama,2023-06-01,
9292589,Singapore,2005-12-01,2021-07-01
9292589,Marshall Islands,2021-07-01,2024-03-01
9292589,Panama,2024-03-01,
9292620,Bahamas,2005-08-01,2023-03-01
9292620,Cook islands,2023-03-01,
9292838,Liberia,2005-04-01,2017-05-01
9292838,Saudi Arabia,2017-05-01,2023-05-01
9292838,Panama,2023-05-01,2024-07-01
9292838,Sierra leone,2024-07-01,
9292967,Bahamas,2005-11-01,2023-02-01
9292967,Cook islands,2023-02-01,
9293002,Malta,2005-04-01,2007-09-01
9293002,Greece,2007-09-01,2011-06-01
9293002,Marshall Islands,2011-06-01,2014-06-01
9293002,Malta,2014-06-01,2020-08-01
9293002,Liberia,2020-08-01,2023-01-01
9293002,St.Kitts and Nevis,2023-01-01,2023-05-01
9293002,Not Known,2023-05-01,2023-05-01
9293002,Mongolia,2023-05-01,2023-07-01
9293002,Gabon,2023-07-01,
9293117,Marshall Islands,2005-04-01,2005-04-01
9293117,Germany,2005-04-01,2019-12-01
9293117,Marshall Islands,2019-12-01,2019-12-01
9293117,Germany,2019-12-01,2022-04-01
9293117,Liberia,2022-04-01,2024-02-01
9293117,Antigua and Barbuda,2024-02-01,
9293155,Panama,2005-01-01,2015-04-01
9293155,Liberia,2015-04-01,2021-05-01
9293155,Marshall Islands,2021-05-01,2023-12-01
9293155,Panama,2023-12-01,
9293337,Spain,2004-09-01,2021-04-01
9293337,Malta,2021-04-01,2023-03-01
9293337,Panama,2023-03-01,2023-12-01
9293337,Liberia,2023-12-01,
9293959,Marshall Islands,2006-05-01,2010-10-01
9293959,Italy,2010-10-01,2012-02-01
9293959,Marshall Islands,2012-02-01,2022-09-01
9293959,Liberia,2022-09-01,
9293997,Italy,2006-01-01,2018-12-01
9293997,Malta,2018-12-01,2022-09-01
9293997,Liberia,2022-09-01,2024-03-01
9293997,Gabon,2024-03-01,
9294123,Italy,2006-01-01,2015-02-01
9294123,Panama,2015-02-01,2023-03-01
9294123,St.Kitts and Nevis,2023-03-01,2023-05-01
9294123,Not Known,2023-05-01,2023-05-01
9294123,Mongolia,2023-05-01,2023-06-01
9294123,Cook islands,2023-06-01,
9296391,Liberia,2006-09-01,2014-04-01
9296391,Marshall Islands,2014-04-01,2022-10-01
9296391,Panama,2022-10-01,2023-05-01
9296391,Cook islands,2023-05-01,
9296406,Liberia,2006-10-01,2023-01-01
9296406,St.Kitts and Nevis,2023-01-01,2023-04-01
9296406,Gabon,2023-04-01,
9296585,Panama,2005-02-01,2008-02-01
9296585,Liberia,2008-02-01,2009-06-01
9296585,Panama,2009-06-01,2022-09-01
9296585,Liberia,2022-09-01,2022-09-01
9296585,Liberia,2022-09-01,2024-04-01
9296585,Not Known,2024-04-01,
9296597,Singapore,2005-08-01,2018-03-01
9296597,Singapore,2018-03-01,2018-03-01
9296597,Marshall Islands,2018-03-01,2018-10-01
9296597,Marshall Islands,2018-10-01,2023-05-01
9296597,Palau (Republic of),2023-05-01,
9296810,Panama,2005-01-01,2019-12-01
9296810,Indonesia,2019-12-01,2023-02-01
9296810,Panama,2023-02-01,
9296822,Germany,2005-04-01,2005-04-01
9296822,Liberia,2005-04-01,2005-04-01
9296822,Germany,2005-04-01,2022-06-01
9296822,Panama,2022-06-01,
9297199,Russia,2004-05-01,2004-05-01
9297199,Malta,2004-05-01,2013-11-01
9297199,Russia,2013-11-01,2013-11-01
9297199,Malta,2013-11-01,
9297345,Isle of Man,2005-11-01,2018-10-01
9297345,Marshall Islands,2018-10-01,2022-11-01
9297345,Liberia,2022-11-01,
9297357,Isle of Man,2006-02-01,2018-12-01
9297357,Marshall Islands,2018-12-01,2022-12-01
9297357,St.Kitts and Nevis,2022-12-01,2023-05-01
9297357,Panama,2023-05-01,
9297371,Isle of Man,2006-05-01,2018-12-01
9297371,Marshall Islands,2018-12-01,2022-11-01
9297371,St.Kitts and Nevis,2022-11-01,2023-04-01
9297371,Panama,2023-04-01,
9297888,Bahamas,2006-01-01,2017-12-01
9297888,Malta,2017-12-01,2023-11-01
9297888,Panama,2023-11-01,
9298272,Marshall Islands,2005-01-01,2019-07-01
9298272,Cyprus,2019-07-01,2023-01-01
9298272,Marshall Islands,2023-01-01,2023-03-01
9298272,Palau (Republic of),2023-03-01,
9298492,Italy,2005-05-01,2011-05-01
9298492,Marshall Islands,2011-05-01,2022-11-01
9298492,Panama,2022-11-01,
9299123,Bermuda,2005-12-01,2022-09-01
9299123,Liberia,2022-09-01,2022-11-01
9299123,St.Kitts and Nevis,2022-11-01,2023-04-01
9299123,Not Known,2023-04-01,2023-05-01
9299123,Panama,2023-05-01,
9299173,Turkey,2004-01-01,2004-10-01
9299173,Italy,2004-10-01,2004-10-01
9299173,St Vincent and Grenadines,2004-10-01,2013-03-01
9299173,Luxembourg,2013-03-01,2013-08-01
9299173,Russia,2013-08-01,2013-08-01
9299173,Russia,2013-08-01,2013-08-01
9299173,St Vincent and Grenadines,2013-08-01,2021-06-01
9299173,Russia,2021-06-01,
9299666,Greece,2005-01-01,2011-07-01
9299666,Liberia,2011-07-01,2024-01-01
9299666,Gabon,2024-01-01,
9299678,Greece,2005-09-01,2017-06-01
9299678,Malta,2017-06-01,2024-05-01
9299678,Cook islands,2024-05-01,
9299692,Liberia,2005-04-01,2024-01-01
9299692,Gabon,2024-01-01,
9299719,Liberia,2005-07-01,2024-01-01
9299719,Russia,2024-01-01,
9299721,Qatar,2006-01-01,2007-01-01
9299721,India,2007-01-01,2012-07-01
9299721,Singapore,2012-07-01,2015-04-01
9299721,Panama,2015-04-01,2017-10-01
9299721,Liberia,2017-10-01,2022-09-01
9299721,Panama,2022-09-01,
9299733,Qatar,2006-01-01,2021-06-01
9299733,Marshall Islands,2021-06-01,2023-03-01
9299733,Gabon,2023-03-01,
9299745,Qatar,2006-05-01,2021-06-01
9299745,Marshall Islands,2021-06-01,2023-02-01
9299745,Liberia,2023-02-01,2024-02-01
9299745,Eswatini FALSE,2024-02-01,
9299769,Qatar,2005-09-01,2006-10-01
9299769,Liberia,2006-10-01,2023-12-01
9299769,Palau (Republic of),2023-12-01,2024-04-01
9299769,Cook islands,2024-04-01,2024-08-01
9299769,Panama,2024-08-01,
9299862,Cyprus,2006-02-01,2022-11-01
9299862,St.Kitts and Nevis,2022-11-01,2023-05-01
9299862,Gabon,2023-05-01,2023-05-01
9299862,Mongolia,2023-05-01,
9299874,Panama,2005-10-01,2008-12-01
9299874,Saudi Arabia,2008-12-01,2023-11-01
9299874,Marshall Islands,2023-11-01,2024-03-01
9299874,Panama,2024-03-01,
9299886,Panama,2005-10-01,2008-08-01
9299886,Saudi Arabia,2008-08-01,2023-11-01
9299886,Marshall Islands,2023-11-01,2024-03-01
9299886,Panama,2024-03-01,
9299898,Greece,2005-05-01,2020-09-01
9299898,Niue,2020-09-01,2020-10-01
9299898,Indonesia,2020-10-01,2023-02-01
9299898,Cook islands,2023-02-01,
9299903,Greece,2005-06-01,2020-08-01
9299903,Indonesia,2020-08-01,2020-08-01
9299903,Niue,2020-08-01,2024-03-01
9299903,Panama,2024-03-01,
9301380,Cyprus,2005-10-01,2011-02-01
9301380,Liberia,2011-02-01,2015-01-01
9301380,Cyprus,2015-01-01,2022-12-01
9301380,Panama,2022-12-01,
9301392,Cyprus,2005-10-01,2022-11-01
9301392,Panama,2022-11-01,
9301407,Cyprus,2005-11-01,2022-11-01
9301407,Panama,2022-11-01,
9301419,Liberia,2005-11-01,2007-06-01
9301419,Cyprus,2007-06-01,2022-12-01
9301419,Panama,2022-12-01,
9301421,Liberia,2005-12-01,2007-06-01
9301421,Cyprus,2007-06-01,2022-11-01
9301421,Panama,2022-11-01,
9301524,Norway (NIS),2006-07-01,2021-07-01
9301524,Vietnam,2021-07-01,2021-07-01
9301524,Vietnam,2021-07-01,
9302126,Marshall Islands,2005-07-01,2008-07-01
9302126,Denmark (DIS),2008-07-01,2022-04-01
9302126,Liberia,2022-04-01,2024-01-01
9302126,Antigua and Barbuda,2024-01-01,
9304356,"Hong Kong, China",2005-09-01,2020-07-01
9304356,Vanuatu,2020-07-01,2022-08-01
9304356,Panama,2022-08-01,2024-02-01
9304356,Comoros,2024-02-01,
9304629,Liberia,2007-10-01,2007-10-01
9304629,Germany,2007-10-01,2014-04-01
9304629,Marshall Islands,2014-04-01,2014-04-01
9304629,Germany,2014-04-01,2022-12-01
9304629,Liberia,2022-12-01,2024-03-01
9304629,Belize,2024-03-01,2024-05-01
9304629,Panama,2024-05-01,
9304825,"Hong Kong, China",2006-05-01,2014-03-01
9304825,Malta,2014-03-01,2022-12-01
9304825,St.Kitts and Nevis,2022-12-01,2023-04-01
9304825,Gabon,2023-04-01,
9305568,Liberia,2005-12-01,2024-01-01
9305568,Gabon,2024-01-01,
9305609,Greece,2006-05-01,2022-04-01
9305609,Panama,2022-04-01,
9306457,Liberia,2005-06-01,2020-07-01
9306457,Marshall Islands,2020-07-01,
9306562,Cyprus,2005-06-01,2007-09-01
9306562,Greece,2007-09-01,2023-02-01
9306562,Marshall Islands,2023-02-01,2024-03-01
9306562,Guinea-Bissau,2024-03-01,
9306627,Norway (NIS),2007-04-01,2009-10-01
9306627,Denmark (DIS),2009-10-01,2011-06-01
9306627,Singapore,2011-06-01,2012-12-01
9306627,Marshall Islands,2012-12-01,2017-11-01
9306627,Marshall Islands,2017-11-01,2017-11-01
9306627,Singapore,2017-11-01,2023-06-01
9306627,Panama,2023-06-01,
9306782,Liberia,2006-06-01,2024-01-01
9306782,Russia,2024-01-01,
9306794,Liberia,2006-07-01,2024-03-01
9306794,Gabon,2024-03-01,2024-08-01
9306794,Barbados,2024-08-01,
9307815,Italy,2005-12-01,2007-10-01
9307815,Malta,2007-10-01,2007-10-01
9307815,Germany,2007-10-01,2018-07-01
9307815,Liberia,2018-07-01,2018-07-01
9307815,Germany,2018-07-01,2023-01-01
9307815,St.Kitts and Nevis,2023-01-01,2023-05-01
9307815,Gabon,2023-05-01,
9308065,Norway (NIS),2006-02-01,2012-02-01
9308065,Bahamas,2012-02-01,2022-08-01
9308065,Panama,2022-08-01,
9308077,Norway (NIS),2006-04-01,2007-03-01
9308077,Bahamas,2007-03-01,2022-08-01
9308077,Panama,2022-08-01,
9308132,Singapore,2006-11-01,2021-10-01
9308132,Marshall Islands,2021-10-01,2024-03-01
9308132,Guinea-Bissau,2024-03-01,
9308170,Singapore,2007-12-01,2022-05-01
9308170,Panama,2022-05-01,
9308821,Malta,2005-06-01,2007-02-01
9308821,Greece,2007-02-01,2022-12-01
9308821,Liberia,2022-12-01,2024-05-01
9308821,Cook islands,2024-05-01,
9308833,Greece,2005-01-01,2005-10-01
9308833,Malta,2005-10-01,2007-02-01
9308833,Greece,2007-02-01,2019-02-01
9308833,Marshall Islands,2019-02-01,2024-04-01
9308833,Cook islands,2024-04-01,
9308857,Malta,2006-04-01,2007-04-01
9308857,Greece,2007-04-01,2016-04-01
9308857,Malta,2016-04-01,2022-10-01
9308857,Liberia,2022-10-01,2024-04-01
9308857,Cook islands,2024-04-01,
9309576,Liberia,2005-06-01,2023-12-01
9309576,Panama,2023-12-01,
9309588,Liberia,2005-12-01,2024-01-01
9309588,Gabon,2024-01-01,
9310525,Liberia,2006-08-01,2006-08-01
9310525,Netherlands,2006-08-01,2008-10-01
9310525,Liberia,2008-10-01,2008-10-01
9310525,Netherlands,2008-10-01,2015-11-01
9310525,Greece,2015-11-01,2023-02-01
9310525,St.Kitts and Nevis,2023-02-01,2023-04-01
9310525,Gabon,2023-04-01,
9310707,Panama,2005-04-01,2023-02-01
9310707,Marshall Islands,2023-02-01,2024-03-01
9310707,Panama,2024-03-01,
9311531,Isle of Man,2005-06-01,2014-09-01
9311531,Liberia,2014-09-01,2022-12-01
9311531,St.Kitts and Nevis,2022-12-01,2023-04-01
9311531,Gabon,2023-04-01,
9311622,Liberia,2006-06-01,2024-01-01
9311622,Gabon,2024-01-01,
9311751,Marshall Islands,2006-02-01,2007-08-01
9311751,Bahamas,2007-08-01,2008-10-01
9311751,Liberia,2008-10-01,2008-10-01
9311751,Germany,2008-10-01,2015-11-01
9311751,Singapore,2015-11-01,2015-11-01
9311751,Germany,2015-11-01,2022-05-01
9311751,Turkey,2022-05-01,2023-11-01
9311751,Liberia,2023-11-01,
9312872,Bahamas,2007-05-01,2009-05-01
9312872,Liberia,2009-05-01,2022-07-01
9312872,"Hong Kong, China",2022-07-01,2022-12-01
9312872,Panama,2022-12-01,
9312884,Liberia,2007-05-01,2024-03-01
9312884,Gabon,2024-03-01,2024-04-01
9312884,Russia,2024-04-01,
9312896,Liberia,2007-07-01,2024-01-01
9312896,Gabon,2024-01-01,2024-04-01
9312896,Russia,2024-04-01,
9312913,Isle of Man,2006-04-01,2006-04-01
9312913,Marshall Islands,2006-04-01,2016-09-01
9312913,Germany,2016-09-01,2016-09-01
9312913,Marshall Islands,2016-09-01,2022-06-01
9312913,Liberia,2022-06-01,2023-10-01
9312913,Liberia,2023-10-01,2023-10-01
9312913,Germany,2023-10-01,
9313462,"Hong Kong, China",2007-02-01,2016-12-01
9313462,Malta,2016-12-01,2021-12-01
9313462,Liberia,2021-12-01,2023-05-01
9313462,Marshall Islands,2023-05-01,2024-02-01
9313462,Panama,2024-02-01,
9314088,Panama,2004-01-01,2012-09-01
9314088,Malta,2012-09-01,2022-08-01
9314088,Panama,2022-08-01,
9314105,Panama,2005-01-01,2013-04-01
9314105,Saudi Arabia,2013-04-01,2015-02-01
9314105,Marshall Islands,2015-02-01,2023-04-01
9314105,Palau (Republic of),2023-04-01,2024-03-01
9314105,Cook islands,2024-03-01,
9314167,Liberia,2007-03-01,2013-08-01
9314167,Marshall Islands,2013-08-01,2023-02-01
9314167,Palau (Republic of),2023-02-01,
9314179,Liberia,2007-04-01,2013-08-01
9314179,Marshall Islands,2013-08-01,2023-03-01
9314179,Cook islands,2023-03-01,
9314727,Russia,2004-09-01,2004-09-01
9314727,Malta,2004-09-01,2013-11-01
9314727,Russia,2013-11-01,2013-11-01
9314727,Malta,2013-11-01,
9314818,Cyprus,2006-07-01,2022-10-01
9314818,Liberia,2022-10-01,2024-04-01
9314818,Not Known,2024-04-01,
9314820,Cyprus,2006-10-01,2014-10-01
9314820,Malta,2014-10-01,2023-11-01
9314820,Panama,2023-11-01,
9314882,Greece,2006-05-01,2009-12-01
9314882,Liberia,2009-12-01,2023-12-01
9314882,Gabon,2023-12-01,
9314894,Greece,2006-10-01,2009-10-01
9314894,Liberia,2009-10-01,2023-12-01
9314894,Gabon,2023-12-01,
9315446,Singapore,2005-12-01,2020-12-01
9315446,Marshall Islands,2020-12-01,2022-08-01
9315446,Liberia,2022-08-01,2024-04-01
9315446,Antigua and Barbuda,2024-04-01,
9315654,Bahamas,2005-06-01,2023-07-01
9315654,Liberia,2023-07-01,2023-09-01
9315654,Panama,2023-09-01,
9315745,Marshall Islands,2006-08-01,2022-05-01
9315745,Liberia,2022-05-01,2022-05-01
9315745,Germany,2022-05-01,2023-11-01
9315745,Liberia,2023-11-01,2023-11-01
9315745,Germany,2023-11-01,2024-02-01
9315745,Gabon,2024-02-01,
9315769,Isle of Man,2007-03-01,2007-03-01
9315769,Marshall Islands,2007-03-01,2017-04-01
9315769,Marshall Islands,2017-04-01,2021-11-01
9315769,Germany,2021-11-01,2021-11-01
9315769,Liberia,2021-11-01,2021-11-01
9315769,Germany,2021-11-01,2023-01-01
9315769,Liberia,2023-01-01,
9316127,Liberia,2007-07-01,2024-03-01
9316127,Gabon,2024-03-01,2024-09-01
9316127,Barbados,2024-09-01,
9317949,Cyprus,2007-03-01,2008-05-01
9317949,Malta,2008-05-01,2023-01-01
9317949,St.Kitts and Nevis,2023-01-01,2023-04-01
9317949,Mongolia,2023-04-01,2023-05-01
9317949,Not Known,2023-05-01,2023-06-01
9317949,Gabon,2023-06-01,
9318022,Italy,2006-02-01,2011-05-01
9318022,Marshall Islands,2011-05-01,2022-12-01
9318022,Panama,2022-12-01,
9318034,Italy,2006-03-01,2006-11-01
9318034,Germany,2006-11-01,2006-11-01
9318034,Malta,2006-11-01,2006-11-01
9318034,Germany,2006-11-01,2022-01-01
9318034,Marshall Islands,2022-01-01,2022-12-01
9318034,St.Kitts and Nevis,2022-12-01,2023-04-01
9318034,Gabon,2023-04-01,
9318539,Croatia,2007-07-01,2023-08-01
9318539,Cook islands,2023-08-01,2024-07-01
9318539,Honduras,2024-07-01,
9318541,Liberia,2006-05-01,2024-01-01
9318541,Gabon,2024-01-01,2024-08-01
9318541,Barbados,2024-08-01,
9318553,Liberia,2006-10-01,2024-01-01
9318553,Gabon,2024-01-01,2024-08-01
9318553,Barbados,2024-08-01,
9319674,Singapore,2007-08-01,2021-01-01
9319674,Marshall Islands,2021-01-01,2022-09-01
9319674,St.Kitts and Nevis,2022-09-01,2022-09-01
9319674,Not Known,2022-09-01,2023-04-01
9319674,Gabon,2023-04-01,
9319686,Singapore,2008-01-01,2020-12-01
9319686,Marshall Islands,2020-12-01,2023-08-01
9319686,Panama,2023-08-01,
9319703,Denmark (DIS),2008-05-01,2011-11-01
9319703,Singapore,2011-11-01,2021-01-01
9319703,Marshall Islands,2021-01-01,2022-09-01
9319703,Gabon,2022-09-01,
9319870,Cyprus,2007-03-01,2018-07-01
9319870,Portugal (MAR),2018-07-01,2023-03-01
9319870,Gabon,2023-03-01,
9319882,Panama,2007-07-01,2012-11-01
9319882,Singapore,2012-11-01,2016-09-01
9319882,Marshall Islands,2016-09-01,2022-12-01
9319882,St.Kitts and Nevis,2022-12-01,2023-04-01
9319882,Not Known,2023-04-01,2023-05-01
9319882,Gabon,2023-05-01,
9321172,Bahamas,2007-02-01,2019-09-01
9321172,Marshall Islands,2019-09-01,2024-03-01
9321172,Panama,2024-03-01,
9321689,Norway (NIS),2007-01-01,2022-11-01
9321689,Cook islands,2022-11-01,2022-11-01
9321689,Liberia,2022-11-01,2024-07-01
9321689,Honduras,2024-07-01,
9321691,Greece,2006-09-01,2021-12-01
9321691,Liberia,2021-12-01,2022-11-01
9321691,Gabon,2022-11-01,
9321706,Greece,2006-09-01,2021-06-01
9321706,Liberia,2021-06-01,2022-02-01
9321706,St.Kitts and Nevis,2022-02-01,2023-04-01
9321706,Not Known,2023-04-01,2023-05-01
9321706,Gabon,2023-05-01,2023-05-01
9321706,Mongolia,2023-05-01,
9321847,Panama,2006-10-01,2014-05-01
9321847,Liberia,2014-05-01,2022-05-01
9321847,Panama,2022-05-01,
9321976,Bahamas,2007-01-01,2015-11-01
9321976,Liberia,2015-11-01,2022-05-01
9321976,Panama,2022-05-01,
9322827,Cayman Islands,2006-05-01,2021-06-01
9322827,Vietnam,2021-06-01,2022-10-01
9322827,Marshall Islands,2022-10-01,2022-12-01
9322827,Liberia,2022-12-01,2024-03-01
9322827,Sao Tome & Principe FALSE,2024-03-01,2024-04-01
9322827,Eswatini FALSE,2024-04-01,
9322839,Cayman Islands,2006-11-01,2021-10-01
9322839,Marshall Islands,2021-10-01,2022-11-01
9322839,Liberia,2022-11-01,2024-04-01
9322839,Eswatini FALSE,2024-04-01,2024-08-01
9322839,Guinea False,2024-08-01,
9322956,Liberia,2006-04-01,2024-01-01
9322956,Gabon,2024-01-01,
9322968,Liberia,2006-09-01,2024-01-01
9322968,Gabon,2024-01-01,
9323314,Marshall Islands,2006-07-01,2022-07-01
9323314,Liberia,2022-07-01,2024-03-01
9323314,Gabon,2024-03-01,
9323326,Marshall Islands,2006-09-01,2022-08-01
9323326,Liberia,2022-08-01,2024-02-01
9323326,Gabon,2024-02-01,
9323338,Marshall Islands,2006-12-01,2022-07-01
9323338,Liberia,2022-07-01,2024-02-01
9323338,Eswatini FALSE,2024-02-01,
9323340,Marshall Islands,2007-03-01,2023-08-01
9323340,Cook islands,2023-08-01,
9323352,Marshall Islands,2007-06-01,2023-08-01
9323352,Cook islands,2023-08-01,
9323364,Marshall Islands,2007-07-01,2023-07-01
9323364,Cook islands,2023-07-01,
9323376,Marshall Islands,2007-10-01,2023-08-01
9323376,Cook islands,2023-08-01,
9323986,Panama,2007-03-01,2015-05-01
9323986,Marshall Islands,2015-05-01,2015-05-01
9323986,Malta,2015-05-01,2023-03-01
9323986,Gabon,2023-03-01,
9326718,Norway (NIS),2007-09-01,2021-04-01
9326718,Vietnam,2021-04-01,2021-04-01
9326718,Not Known,2021-04-01,2024-07-01
9326718,Sierra leone,2024-07-01,
9326720,Norway (NIS),2007-11-01,2021-08-01
9326720,Vietnam,2021-08-01,2021-08-01
9326720,Not Known,2021-08-01,
9326861,Norway (NIS),2006-09-01,2021-07-01
9326861,Liberia,2021-07-01,
9326885,Norway (NIS),2008-02-01,2021-09-01
9326885,Marshall Islands,2021-09-01,2022-09-01
9326885,Panama,2022-09-01,
9327360,Cyprus,2006-01-01,2017-06-01
9327360,Marshall Islands,2017-06-01,2023-10-01
9327360,Liberia,2023-10-01,
9327372,Cyprus,2006-02-01,2016-02-01
9327372,Malta,2016-02-01,2022-09-01
9327372,Liberia,2022-09-01,2023-02-01
9327372,St.Kitts and Nevis,2023-02-01,2023-04-01
9327372,Gabon,2023-04-01,
9327384,Cyprus,2006-06-01,2017-06-01
9327384,Marshall Islands,2017-06-01,
9327413,Marshall Islands,2006-01-01,2023-01-01
9327413,Liberia,2023-01-01,2024-04-01
9327413,Not Known,2024-04-01,
9327437,Germany,2006-03-01,2006-03-01
9327437,Marshall Islands,2006-03-01,2022-05-01
9327437,Liberia,2022-05-01,2023-11-01
9327437,Liberia,2023-11-01,2023-11-01
9327437,Germany,2023-11-01,2024-02-01
9327437,Gabon,2024-02-01,2024-07-01
9327437,Liberia,2024-07-01,
9327449,Liberia,2006-05-01,2009-04-01
9327449,Mexico,2009-04-01,2014-04-01
9327449,Liberia,2014-04-01,
9328132,Denmark (DIS),2006-12-01,2010-11-01
9328132,Bahamas,2010-11-01,2022-10-01
9328132,Liberia,2022-10-01,2022-10-01
9328132,Germany,2022-10-01,2024-01-01
9328132,Panama,2024-01-01,2024-01-01
9328132,Germany,2024-01-01,
9329655,Liberia,2008-08-01,2024-01-01
9329655,Gabon,2024-01-01,
9329667,Liberia,2008-11-01,2024-01-01
9329667,Gabon,2024-01-01,
9329758,Singapore,2006-02-01,2007-11-01
9329758,Marshall Islands,2007-11-01,2023-08-01
9329758,Cook islands,2023-08-01,
9330472,Greece,2007-03-01,2024-02-01
9330472,Cyprus,2024-02-01,2024-04-01
9330472,Cook islands,2024-04-01,
9331141,Malta,2006-07-01,2009-09-01
9331141,Libya,2009-09-01,2022-12-01
9331141,Cook islands,2022-12-01,2024-07-01
9331141,Not Known,2024-07-01,
9331153,Malta,2007-03-01,2010-02-01
9331153,Libya,2010-02-01,2023-01-01
9331153,Cook islands,2023-01-01,2024-07-01
9331153,Not Known,2024-07-01,
9332028,"Hong Kong, China",2007-07-01,2018-01-01
9332028,Norway (NIS),2018-01-01,2023-04-01
9332028,Marshall Islands,2023-04-01,2024-02-01
9332028,Panama,2024-02-01,
9332614,Norway (NIS),2008-07-01,2021-08-01
9332614,Marshall Islands,2021-08-01,2022-09-01
9332614,Panama,2022-09-01,
9332638,Marshall Islands,2009-04-01,
9332640,Marshall Islands,2010-01-01,2015-02-01
9332640,Singapore,2015-02-01,2018-07-01
9332640,Malta,2018-07-01,2023-02-01
9332640,Marshall Islands,2023-02-01,
9332781,Panama,2006-12-01,2011-10-01
9332781,Singapore,2011-10-01,2014-06-01
9332781,Liberia,2014-06-01,2023-09-01
9332781,Panama,2023-09-01,
9332810,"Hong Kong, China",2007-03-01,2013-12-01
9332810,Liberia,2013-12-01,2020-01-01
9332810,Marshall Islands,2020-01-01,2022-12-01
9332810,St.Kitts and Nevis,2022-12-01,2023-04-01
9332810,Not Known,2023-04-01,2023-05-01
9332810,Mongolia,2023-05-01,2023-06-01
9332810,Gabon,2023-06-01,
9332822,"Hong Kong, China",2007-05-01,2013-12-01
9332822,Liberia,2013-12-01,2022-04-01
9332822,Marshall Islands,2022-04-01,2022-08-01
9332822,"Hong Kong, China",2022-08-01,2024-03-01
9332822,Panama,2024-03-01,
9332834,"Hong Kong, China",2007-06-01,2014-06-01
9332834,Liberia,2014-06-01,2023-01-01
9332834,St.Kitts and Nevis,2023-01-01,2023-05-01
9332834,Not Known,2023-05-01,2023-05-01
9332834,Mongolia,2023-05-01,2023-07-01
9332834,Gabon,2023-07-01,
9333400,Liberia,2006-10-01,2012-07-01
9333400,Cyprus,2012-07-01,2012-07-01
9333400,Russia,2012-07-01,2012-07-01
9333400,Cyprus,2012-07-01,2016-12-01
9333400,Liberia,2016-12-01,2024-01-01
9333400,Gabon,2024-01-01,
9333412,Liberia,2007-11-01,2014-07-01
9333412,Russia,2014-07-01,2018-02-01
9333412,Liberia,2018-02-01,2024-01-01
9333412,Gabon,2024-01-01,
9333424,Liberia,2007-11-01,2014-07-01
9333424,Russia,2014-07-01,2017-11-01
9333424,Liberia,2017-11-01,2024-02-01
9333424,Gabon,2024-02-01,2024-08-01
9333424,Barbados,2024-08-01,
9333436,Liberia,2007-12-01,2014-06-01
9333436,Russia,2014-06-01,2017-11-01
9333436,Liberia,2017-11-01,2024-01-01
9333436,Gabon,2024-01-01,2024-08-01
9333436,Barbados,2024-08-01,
9334296,Turkey,2006-08-01,2008-06-01
9334296,Bahamas,2008-06-01,2009-10-01
9334296,Malta,2009-10-01,2022-11-01
9334296,Liberia,2022-11-01,2024-02-01
9334296,Gabon,2024-02-01,
9334557,Liberia,2007-10-01,2011-02-01
9334557,Marshall Islands,2011-02-01,2022-02-01
9334557,Malta,2022-02-01,2023-02-01
9334557,Gabon,2023-02-01,
9334569,Liberia,2008-01-01,2011-03-01
9334569,Marshall Islands,2011-03-01,
9334789,India,2007-01-01,2009-07-01
9334789,Portugal (MAR),2009-07-01,2009-07-01
9334789,Malta,2009-07-01,2010-08-01
9334789,Marshall Islands,2010-08-01,2015-10-01
9334789,Denmark (DIS),2015-10-01,2021-12-01
9334789,Marshall Islands,2021-12-01,2023-01-01
9334789,Liberia,2023-01-01,
9335094,Bahamas,2006-10-01,2024-05-01
9335094,Panama,2024-05-01,
9336426,Bahamas,2007-10-01,2022-03-01
9336426,Marshall Islands,2022-03-01,2022-12-01
9336426,St.Kitts and Nevis,2022-12-01,2023-05-01
9336426,Panama,2023-05-01,
9336517,"Hong Kong, China",2007-02-01,2007-02-01
9336517,Panama,2007-02-01,2017-01-01
9336517,Marshall Islands,2017-01-01,2023-06-01
9336517,Liberia,2023-06-01,2024-03-01
9336517,Gabon,2024-03-01,
9337327,Marshall Islands,2006-12-01,2024-03-01
9337327,Panama,2024-03-01,
9337389,Panama,2007-02-01,2012-01-01
9337389,Norway (NIS),2012-01-01,2021-06-01
9337389,Panama,2021-06-01,2024-02-01
9337389,Comoros,2024-02-01,2024-04-01
9337389,Not Known,2024-04-01,2024-05-01
9337389,Comoros FALSE,2024-05-01,
9337901,Singapore,2006-11-01,2010-10-01
9337901,Panama,2010-10-01,2021-02-01
9337901,Greece,2021-02-01,2023-01-01
9337901,St.Kitts and Nevis,2023-01-01,2023-04-01
9337901,Gabon,2023-04-01,
9338905,Greece,2007-04-01,2023-12-01
9338905,Gabon,2023-12-01,
9339301,Liberia,2007-05-01,2024-03-01
9339301,Russia,2024-03-01,
9339313,Liberia,2007-07-01,2024-03-01
9339313,Gabon,2024-03-01,2024-05-01
9339313,Russia,2024-05-01,
9339325,Liberia,2007-10-01,2024-01-01
9339325,Gabon,2024-01-01,2024-07-01
9339325,Barbados,2024-07-01,
9339337,Liberia,2008-01-01,2024-01-01
9339337,Gabon,2024-01-01,2024-08-01
9339337,Barbados,2024-08-01,
9341067,Liberia,2006-01-01,2024-01-01
9341067,Gabon,2024-01-01,2024-04-01
9341067,Russia,2024-04-01,
9341079,Liberia,2006-02-01,2024-01-01
9341079,Gabon,2024-01-01,
9341081,Liberia,2006-03-01,2024-01-01
9341081,Gabon,2024-01-01,
9341093,Liberia,2006-05-01,2024-01-01
9341093,Gabon,2024-01-01,2024-06-01
9341093,Russia,2024-06-01,
9342657,Russia,2005-04-01,2005-04-01
9342657,Malta,2005-04-01,2012-03-01
9342657,Russia,2012-03-01,2013-11-01
9342657,Russia,2013-11-01,2013-11-01
9342657,Malta,2013-11-01,
9344033,Liberia,2007-08-01,2024-01-01
9344033,Gabon,2024-01-01,
9344100,China Peoples's Republic,2007-02-01,2007-03-01
9344100,Liberia,2007-03-01,2019-01-01
9344100,Panama,2019-01-01,
9345623,Panama,2008-01-01,2021-08-01
9345623,Liberia,2021-08-01,2023-11-01
9345623,Panama,2023-11-01,2024-01-01
9345623,Gabon,2024-01-01,
9346720,Greece,2007-11-01,2019-12-01
9346720,Marshall Islands,2019-12-01,2023-06-01
9346720,Panama,2023-06-01,
9346732,Malta,2007-04-01,2013-07-01
9346732,Singapore,2013-07-01,2013-07-01
9346732,Malta,2013-07-01,2022-06-01
9346732,"Hong Kong, China",2022-06-01,2022-11-01
9346732,Panama,2022-11-01,
9346744,Malta,2007-11-01,2013-07-01
9346744,Singapore,2013-07-01,2013-07-01
9346744,Malta,2013-07-01,2020-03-01
9346744,Marshall Islands,2020-03-01,2023-12-01
9346744,Panama,2023-12-01,
9346873,Bahamas,2008-09-01,2008-09-01
9346873,Italy,2008-09-01,2016-06-01
9346873,Italy,2016-06-01,2018-06-01
9346873,Italy,2018-06-01,2018-06-01
9346873,Bahamas,2018-06-01,2024-01-01
9346873,Panama,2024-01-01,
9347231,Azerbaijan,2006-07-01,
9347243,Azerbaijan,2006-10-01,
9347308,United Kingdom,2008-04-01,2008-04-01
9347308,Germany,2008-04-01,2019-04-01
9347308,Marshall Islands,2019-04-01,2019-04-01
9347308,Germany,2019-04-01,2023-06-01
9347308,Panama,2023-06-01,
9348479,Greece,2006-08-01,2023-12-01
9348479,Panama,2023-12-01,
9350654,China Peoples's Republic,2007-06-01,2008-09-01
9350654,Singapore,2008-09-01,2010-05-01
9350654,"Hong Kong, China",2010-05-01,2010-05-01
9350654,Not Known,2010-05-01,2021-08-01
9350654,Marshall Islands,2021-08-01,2023-04-01
9350654,Panama,2023-04-01,
9350850,Malta,2006-04-01,2006-06-01
9350850,Malta,2006-06-01,2006-06-01
9350850,Germany,2006-06-01,2022-05-01
9350850,Malta,2022-05-01,2022-05-01
9350850,Germany,2022-05-01,2022-08-01
9350850,Malta,2022-08-01,2022-08-01
9350850,Liberia,2022-08-01,2024-01-01
9350850,Panama,2024-01-01,
9352195,India,2007-03-01,2009-08-01
9352195,Portugal (MAR),2009-08-01,2009-08-01
9352195,Malta,2009-08-01,2010-03-01
9352195,Malta,2010-03-01,2011-01-01
9352195,Denmark (DIS),2011-01-01,2021-06-01
9352195,Liberia,2021-06-01,2021-06-01
9352195,Germany,2021-06-01,2022-11-01
9352195,Gabon,2022-11-01,2022-11-01
9352195,Germany,2022-11-01,
9353096,United Kingdom,2008-07-01,2008-07-01
9353096,Germany,2008-07-01,2019-03-01
9353096,Marshall Islands,2019-03-01,2019-03-01
9353096,Germany,2019-03-01,2023-01-01
9353096,St.Kitts and Nevis,2023-01-01,2023-04-01
9353096,Gabon,2023-04-01,
9353113,United Kingdom,2008-09-01,2008-09-01
9353113,Germany,2008-09-01,2019-03-01
9353113,Marshall Islands,2019-03-01,2019-03-01
9353113,Germany,2019-03-01,2023-01-01
9353113,St.Kitts and Nevis,2023-01-01,2023-04-01
9353113,Not Known,2023-04-01,2023-05-01
9353113,Mongolia,2023-05-01,2023-06-01
9353113,Gabon,2023-06-01,2024-07-01
9353113,Tanzania,2024-07-01,
9353125,United Kingdom,2008-09-01,2008-09-01
9353125,Germany,2008-09-01,2019-03-01
9353125,Marshall Islands,2019-03-01,2023-01-01
9353125,St.Kitts and Nevis,2023-01-01,2023-04-01
9353125,Gabon,2023-04-01,
9354301,Cyprus,2008-01-01,2016-09-01
9354301,Liberia,2016-09-01,2023-12-01
9354301,Panama,2023-12-01,
9354313,Cyprus,2008-07-01,2016-08-01
9354313,Liberia,2016-08-01,2023-12-01
9354313,Panama,2023-12-01,
9354521,Panama,2008-10-01,2011-04-01
9354521,Singapore,2011-04-01,2017-11-01
9354521,Liberia,2017-11-01,2020-11-01
9354521,Belize,2020-11-01,
9354636,Russia,2005-09-01,2005-09-01
9354636,Malta,2005-09-01,2013-11-01
9354636,Russia,2013-11-01,2013-11-01
9354636,Malta,2013-11-01,
9356610,Netherlands,2008-07-01,2015-09-01
9356610,Singapore,2015-09-01,2021-05-01
9356610,Russia,2021-05-01,
9356751,Singapore,2007-01-01,2022-01-01
9356751,Marshall Islands,2022-01-01,2024-03-01
9356751,Guinea-Bissau,2024-03-01,2024-08-01
9356751,Marshall Islands,2024-08-01,
9359387,Cayman Islands,2010-07-01,2017-10-01
9359387,Cayman Islands,2017-10-01,2017-10-01
9359387,Liberia,2017-10-01,2022-10-01
9359387,Panama,2022-10-01,
9360128,Liberia,2009-01-01,2019-03-01
9360128,Cyprus,2019-03-01,2022-11-01
9360128,Panama,2022-11-01,
9360130,Liberia,2009-01-01,2019-06-01
9360130,Cyprus,2019-06-01,2022-11-01
9360130,Panama,2022-11-01,
9360415,Cyprus,2007-01-01,2015-02-01
9360415,Singapore,2015-02-01,2022-01-01
9360415,Liberia,2022-01-01,2023-02-01
9360415,St.Kitts and Nevis,2023-02-01,2023-04-01
9360415,Panama,2023-04-01,
9368223,Singapore,2008-03-01,2023-01-01
9368223,St.Kitts and Nevis,2023-01-01,2023-04-01
9368223,Panama,2023-04-01,
9374844,Marshall Islands,2007-03-01,2007-03-01
9374844,Germany,2007-03-01,2017-09-01
9374844,Marshall Islands,2017-09-01,2017-09-01
9374844,Germany,2017-09-01,2023-08-01
9374844,Cook islands,2023-08-01,
9374868,Singapore,2007-07-01,2021-09-01
9374868,Panama,2021-09-01,2021-10-01
9374868,Vietnam,2021-10-01,
9375575,Denmark (DIS),2008-08-01,2010-05-01
9375575,Bahamas,2010-05-01,2022-11-01
9375575,Marshall Islands,2022-11-01,2023-07-01
9375575,Panama,2023-07-01,
9377042,Russia,2006-05-01,2013-11-01
9377042,Russia,2013-11-01,2013-11-01
9377042,Malta,2013-11-01,
9378618,"Hong Kong, China",2008-08-01,2021-07-01
9378618,Singapore,2021-07-01,2023-07-01
9378618,Panama,2023-07-01,
9378620,"Hong Kong, China",2008-11-01,2021-08-01
9378620,Liberia,2021-08-01,2023-01-01
9378620,St.Kitts and Nevis,2023-01-01,2023-05-01
9378620,Gabon,2023-05-01,
9378632,"Hong Kong, China",2009-02-01,2021-08-01
9378632,Singapore,2021-08-01,2023-07-01
9378632,Panama,2023-07-01,
9379052,Singapore,2009-06-01,2022-05-01
9379052,Panama,2022-05-01,
9380673,Greece,2008-11-01,2014-10-01
9380673,Marshall Islands,2014-10-01,2024-05-01
9380673,Cook islands,2024-05-01,
9381732,Panama,2008-10-01,2022-11-01
9381732,Liberia,2022-11-01,2024-04-01
9381732,Not Known,2024-04-01,2024-08-01
9381732,Guinea False,2024-08-01,
9381744,Panama,2008-12-01,2022-11-01
9381744,Liberia,2022-11-01,2024-04-01
9381744,Not Known,2024-04-01,
9382073,Panama,2008-04-01,2019-01-01
9382073,Marshall Islands,2019-01-01,2022-12-01
9382073,Liberia,2022-12-01,
9382712,Panama,2007-01-01,2021-05-01
9382712,Liberia,2021-05-01,2022-10-01
9382712,Marshall Islands,2022-10-01,2023-04-01
9382712,Liberia,2023-04-01,2024-03-01
9382712,Gabon,2024-03-01,
9382798,Liberia,2008-04-01,2024-01-01
9382798,Gabon,2024-01-01,2024-09-01
9382798,Barbados,2024-09-01,
9383950,Panama,2009-07-01,2021-09-01
9383950,Marshall Islands,2021-09-01,2023-05-01
9383950,Panama,2023-05-01,
9384095,Marshall Islands,2008-06-01,2008-06-01
9384095,Germany,2008-06-01,2017-07-01
9384095,Malta,2017-07-01,2017-07-01
9384095,Germany,2017-07-01,2023-03-01
9384095,Palau (Republic of),2023-03-01,
9384306,Cyprus,2009-03-01,2016-08-01
9384306,Liberia,2016-08-01,2024-01-01
9384306,Gabon,2024-01-01,
9384459,Cyprus,2010-03-01,2023-02-01
9384459,Panama,2023-02-01,
9385142,Cyprus,2009-04-01,2016-08-01
9385142,Liberia,2016-08-01,2024-01-01
9385142,Gabon,2024-01-01,
9386536,Greece,2009-01-01,2014-01-01
9386536,Malta,2014-01-01,2020-11-01
9386536,Marshall Islands,2020-11-01,2024-04-01
9386536,Panama,2024-04-01,
9387255,Singapore,2008-12-01,2011-11-01
9387255,Panama,2011-11-01,2023-10-01
9387255,Marshall Islands,2023-10-01,2024-03-01
9387255,Barbados,2024-03-01,
9387279,Isle of Man,2008-07-01,2022-11-01
9387279,Panama,2022-11-01,
9388730,Singapore,2008-02-01,2020-10-01
9388730,Marshall Islands,2020-10-01,2024-05-01
9388730,Indonesia,2024-05-01,
9388742,Singapore,2008-08-01,2020-10-01
9388742,Marshall Islands,2020-10-01,2022-12-01
9388742,St.Kitts and Nevis,2022-12-01,2023-04-01
9388742,Gabon,2023-04-01,
9388754,Singapore,2008-07-01,2020-12-01
9388754,Liberia,2020-12-01,2023-06-01
9388754,Panama,2023-06-01,
9388766,Singapore,2008-08-01,2021-02-01
9388766,Marshall Islands,2021-02-01,2023-07-01
9388766,Panama,2023-07-01,
9388780,Singapore,2009-05-01,2021-01-01
9388780,Marshall Islands,2021-01-01,2023-08-01
9388780,Panama,2023-08-01,
9388792,Singapore,2009-01-01,2021-12-01
9388792,Marshall Islands,2021-12-01,2024-03-01
9388792,Panama,2024-03-01,
9389679,Marshall Islands,2008-09-01,2023-06-01
9389679,Palau (Republic of),2023-06-01,2024-04-01
9389679,Cook islands,2024-04-01,
9390587,Panama,2008-11-01,2022-06-01
9390587,Liberia,2022-06-01,2023-03-01
9390587,Panama,2023-03-01,
9392822,Singapore,2008-10-01,2018-07-01
9392822,Bahamas,2018-07-01,2023-07-01
9392822,Panama,2023-07-01,
9393668,Panama,2008-06-01,2021-01-01
9393668,Malta,2021-01-01,2023-05-01
9393668,Panama,2023-05-01,
9394935,Marshall Islands,2008-12-01,2023-07-01
9394935,Cook islands,2023-07-01,
9395379,Singapore,2008-02-01,2011-07-01
9395379,Panama,2011-07-01,2015-05-01
9395379,Liberia,2015-05-01,2024-02-01
9395379,Panama,2024-02-01,
9396672,Liberia,2008-10-01,2013-07-01
9396672,Marshall Islands,2013-07-01,2023-04-01
9396672,Liberia,2023-04-01,
9396775,Malta,2009-03-01,2023-02-01
9396775,Marshall Islands,2023-02-01,
9397535,Cyprus,2009-05-01,2016-09-01
9397535,Liberia,2016-09-01,2024-01-01
9397535,Gabon,2024-01-01,
9397547,Cyprus,2008-11-01,2016-09-01
9397547,Liberia,2016-09-01,2024-01-01
9397547,Gabon,2024-01-01,
9397559,Cyprus,2008-12-01,2016-09-01
9397559,Liberia,2016-09-01,2024-02-01
9397559,Gabon,2024-02-01,
9397676,Malta,2006-10-01,2006-11-01
9397676,Russia,2006-11-01,2010-09-01
9397676,Malta,2010-09-01,2010-09-01
9397676,Russia,2010-09-01,2014-09-01
9397676,Azerbaijan,2014-09-01,2014-09-01
9397676,Jamaica,2014-09-01,
9402469,Marshall Islands,2009-01-01,2010-10-01
9402469,"Hong Kong, China",2010-10-01,2019-10-01
9402469,Marshall Islands,2019-10-01,2024-01-01
9402469,Panama,2024-01-01,
9402471,Marshall Islands,2009-03-01,2010-10-01
9402471,"Hong Kong, China",2010-10-01,2019-10-01
9402471,Marshall Islands,2019-10-01,2023-11-01
9402471,Panama,2023-11-01,
9404948,Panama,2009-01-01,
9405057,Marshall Islands,2008-07-01,2018-07-01
9405057,Marshall Islands,2018-07-01,2018-07-01
9405057,Malta,2018-07-01,2023-07-01
9405057,Marshall Islands,2023-07-01,2023-07-01
9405057,Malta,2023-07-01,2024-01-01
9405057,Panama,2024-01-01,
9408205,"Hong Kong, China",2010-08-01,2020-08-01
9408205,Marshall Islands,2020-08-01,2023-06-01
9408205,Cook islands,2023-06-01,
9408695,Panama,2009-07-01,2015-03-01
9408695,Marshall Islands,2015-03-01,2023-02-01
9408695,Liberia,2023-02-01,
9409467,Panama,2008-10-01,2015-01-01
9409467,Marshall Islands,2015-01-01,2023-05-01
9409467,Liberia,2023-05-01,2024-02-01
9409467,Gabon,2024-02-01,
9410870,Cyprus,2008-10-01,2019-10-01
9410870,Marshall Islands,2019-10-01,2022-11-01
9410870,Liberia,2022-11-01,2024-04-01
9410870,Not Known,2024-04-01,
9410894,Malta,2009-10-01,2009-10-01
9410894,Germany,2009-10-01,2010-06-01
9410894,Malta,2010-06-01,2010-06-01
9410894,Germany,2010-06-01,2019-05-01
9410894,Marshall Islands,2019-05-01,2022-10-01
9410894,Liberia,2022-10-01,2024-04-01
9410894,Not Known,2024-04-01,2024-09-01
9410894,Guinea False,2024-09-01,
9411020,Liberia,2009-10-01,2024-01-01
9411020,Gabon,2024-01-01,2024-05-01
9411020,Russia,2024-05-01,
9411331,Liberia,2009-07-01,2019-04-01
9411331,Marshall Islands,2019-04-01,2023-02-01
9411331,Panama,2023-02-01,
9412335,Liberia,2010-04-01,2024-01-01
9412335,Gabon,2024-01-01,
9412347,Liberia,2011-01-01,2024-01-01
9412347,Gabon,2024-01-01,
9412359,Liberia,2010-10-01,2024-01-01
9412359,Gabon,2024-01-01,2024-04-01
9412359,Russia,2024-04-01,
9412995,Panama,2009-01-01,2021-03-01
9412995,Marshall Islands,2021-03-01,2022-08-01
9412995,Liberia,2022-08-01,2024-04-01
9412995,Eswatini FALSE,2024-04-01,
9413547,Liberia,2009-05-01,2024-01-01
9413547,Gabon,2024-01-01,
9413559,Liberia,2009-06-01,2024-01-01
9413559,Gabon,2024-01-01,2024-04-01
9413559,Russia,2024-04-01,
9413561,Liberia,2009-07-01,2024-01-01
9413561,Gabon,2024-01-01,2024-09-01
9413561,Barbados,2024-09-01,
9413573,Liberia,2009-09-01,2024-01-01
9413573,Gabon,2024-01-01,2024-07-01
9413573,Barbados,2024-07-01,
9416422,Norway (NIS),2009-05-01,2009-05-01
9416422,Greece,2009-05-01,2010-12-01
9416422,Malta,2010-12-01,2014-01-01
9416422,Marshall Islands,2014-01-01,2023-06-01
9416422,Liberia,2023-06-01,2024-02-01
9416422,Panama,2024-02-01,
9417464,Marshall Islands,2009-04-01,2022-12-01
9417464,Panama,2022-12-01,
9418482,Cyprus,2009-05-01,2013-04-01
9418482,Singapore,2013-04-01,2022-09-01
9418482,Liberia,2022-09-01,2024-02-01
9418482,Gabon,2024-02-01,
9418494,Cyprus,2009-06-01,2022-12-01
9418494,Panama,2022-12-01,
9419137,Greece,2010-06-01,2018-07-01
9419137,Liberia,2018-07-01,2023-03-01
9419137,Panama,2023-03-01,
9419448,Malta,2009-11-01,2015-04-01
9419448,Marshall Islands,2015-04-01,2024-05-01
9419448,Panama,2024-05-01,
9419723,Singapore,2009-01-01,2011-05-01
9419723,United Kingdom,2011-05-01,2018-07-01
9419723,Denmark (DIS),2018-07-01,2023-04-01
9419723,Liberia,2023-04-01,
9420617,Panama,2010-07-01,2010-10-01
9420617,Malta,2010-10-01,2023-11-01
9420617,Azerbaijan,2023-11-01,
9421960,Liberia,2009-09-01,2023-12-01
9421960,Russia,2023-12-01,
9421972,Liberia,2010-02-01,2024-01-01
9421972,Gabon,2024-01-01,
9422445,Russia,2009-11-01,2009-12-01
9422445,Liberia,2009-12-01,2024-01-01
9422445,Gabon,2024-01-01,
9422457,Liberia,2010-03-01,2023-12-01
9422457,Gabon,2023-12-01,
9422988,Liberia,2009-10-01,2021-04-01
9422988,Gabon,2021-04-01,2021-11-01
9422988,Cameroon,2021-11-01,2022-02-01
9422988,Bahamas,2022-02-01,2022-08-01
9422988,Barbados,2022-08-01,
9423736,Italy,2009-11-01,2017-12-01
9423736,Malta,2017-12-01,2019-11-01
9423736,Marshall Islands,2019-11-01,2022-11-01
9423736,Turkey,2022-11-01,2022-11-01
9423736,Sierra leone,2022-11-01,2024-02-01
9423736,Palau (Republic of),2024-02-01,
9424651,Panama,2009-10-01,2019-04-01
9424651,Singapore,2019-04-01,2022-10-01
9424651,Singapore,2022-10-01,2022-10-01
9424651,Liberia,2022-10-01,2023-08-01
9424651,Liberia,2023-08-01,2023-09-01
9424651,Palau (Republic of),2023-09-01,
9428358,Portugal (MAR),2009-03-01,2009-03-01
9428358,Liberia,2009-03-01,2011-04-01
9428358,Liberia,2011-04-01,2013-05-01
9428358,Marshall Islands,2013-05-01,2023-03-01
9428358,St.Kitts and Nevis,2023-03-01,2023-05-01
9428358,Gabon,2023-05-01,
9434890,Italy,2010-03-01,2023-05-01
9434890,Portugal (MAR),2023-05-01,2023-09-01
9434890,Palau (Republic of),2023-09-01,2024-04-01
9434890,Cook islands,2024-04-01,
9435337,Malta,2008-05-01,2009-05-01
9435337,Russia,2009-05-01,2009-06-01
9435337,Malta,2009-06-01,2009-10-01
9435337,Russia,2009-10-01,2014-02-01
9435337,Russia,2014-02-01,2014-02-01
9435337,Malta,2014-02-01,
9435349,Malta,2008-08-01,2009-05-01
9435349,Russia,2009-05-01,2009-06-01
9435349,Malta,2009-06-01,2009-06-01
9435349,Malta,2009-06-01,2009-07-01
9435349,Russia,2009-07-01,2014-02-01
9435349,Russia,2014-02-01,2014-02-01
9435349,Malta,2014-02-01,
9435351,Malta,2008-09-01,2009-04-01
9435351,Russia,2009-04-01,
9435363,Malta,2008-12-01,2009-04-01
9435363,Russia,2009-04-01,
9435375,Malta,2009-05-01,2009-06-01
9435375,Russia,2009-06-01,
9436006,Greece,2009-05-01,2009-05-01
9436006,Marshall Islands,2009-05-01,2014-04-01
9436006,Malta,2014-04-01,2021-02-01
9436006,Marshall Islands,2021-02-01,2023-03-01
9436006,Panama,2023-03-01,
9436018,Marshall Islands,2009-11-01,2016-12-01
9436018,Liberia,2016-12-01,2024-04-01
9436018,Panama,2024-04-01,
9436941,Norway (NIS),2010-03-01,2010-06-01
9436941,Panama,2010-06-01,2013-10-01
9436941,Malta,2013-10-01,2023-01-01
9436941,St.Kitts and Nevis,2023-01-01,2023-04-01
9436941,Gabon,2023-04-01,
9439400,Italy,2010-08-01,2023-10-01
9439400,Vietnam,2023-10-01,
9441958,Malta,2008-05-01,2008-07-01
9441958,Barbados,2008-07-01,2014-05-01
9441958,Malta,2014-05-01,2022-10-01
9441958,Liberia,2022-10-01,2024-02-01
9441958,Gabon,2024-02-01,
9449649,"Hong Kong, China",2007-12-01,
9449651,"Hong Kong, China",2008-05-01,2009-09-01
9449651,Cambodia,2009-09-01,2016-04-01
9449651,Sierra leone,2016-04-01,
9457804,Marshall Islands,2010-05-01,2012-06-01
9457804,Russia,2012-06-01,
9493377,Tuvalu,2008-07-01,2008-11-01
9493377,Turkey,2008-11-01,2023-11-01
9493377,Liberia,2023-11-01,2024-09-01
9493377,Turkey,2024-09-01,
9498171,Azerbaijan,2008-10-01,
9511387,Liberia,2010-07-01,2024-01-01
9511387,Gabon,2024-01-01,
9511521,Liberia,2010-09-01,2024-01-01
9511521,Gabon,2024-01-01,
9511533,Liberia,2010-11-01,2024-01-01
9511533,Gabon,2024-01-01,2024-08-01
9511533,Barbados,2024-08-01,
9513139,Malta,2011-03-01,2014-01-01
9513139,Marshall Islands,2014-01-01,2022-09-01
9513139,Panama,2022-09-01,
9517070,Russia,2009-10-01,2009-10-01
9517070,Malta,2009-10-01,2023-04-01
9517070,Sierra leone,2023-04-01,2023-04-01
9517070,Malta,2023-04-01,
9522324,Liberia,2011-02-01,2024-01-01
9522324,Gabon,2024-01-01,
9524451,Marshall Islands,2011-06-01,2021-03-01
9524451,Liberia,2021-03-01,2022-11-01
9524451,Panama,2022-11-01,
9524463,Greece,2011-06-01,2011-07-01
9524463,Marshall Islands,2011-07-01,2021-03-01
9524463,Marshall Islands,2021-03-01,2021-03-01
9524463,Liberia,2021-03-01,2022-11-01
9524463,Panama,2022-11-01,2022-11-01
9524463,Liberia,2022-11-01,
9530917,Greece,2013-03-01,2014-10-01
9530917,Greece,2014-10-01,2022-12-01
9530917,Panama,2022-12-01,
9540302,Russia,2010-01-01,2010-01-01
9540302,Malta,2010-01-01,2023-04-01
9540302,Russia,2023-04-01,2023-04-01
9540302,Malta,2023-04-01,
9540340,Malta,2010-04-01,2010-05-01
9540340,Russia,2010-05-01,2023-04-01
9540340,Russia,2023-04-01,2023-04-01
9540340,Malta,2023-04-01,
9540352,Russia,2010-08-01,2010-08-01
9540352,Malta,2010-08-01,2023-04-01
9540352,Russia,2023-04-01,2023-04-01
9540352,Malta,2023-04-01,
9540364,Malta,2010-11-01,2010-12-01
9540364,Russia,2010-12-01,2023-04-01
9540364,Russia,2023-04-01,2023-04-01
9540364,Malta,2023-04-01,
9544281,Italy,2010-03-01,2010-03-01
9544281,Cayman Islands,2010-03-01,2023-03-01
9544281,Panama,2023-03-01,
9547506,Panama,2009-10-01,2021-07-01
9547506,Singapore,2021-07-01,2023-12-01
9547506,Marshall Islands,2023-12-01,
9550682,Cyprus,2009-05-01,2010-12-01
9550682,Marshall Islands,2010-12-01,2024-05-01
9550682,Gabon,2024-05-01,
9577082,Liberia,2011-04-01,2024-02-01
9577082,Gabon,2024-02-01,2024-09-01
9577082,Barbados,2024-09-01,
9577094,Liberia,2011-03-01,2024-02-01
9577094,Gabon,2024-02-01,
9585273,Russia,2011-09-01,
9585912,Russia,2020-08-01,
9589750,Marshall Islands,2011-08-01,2023-06-01
9589750,Panama,2023-06-01,
9593921,Malta,2011-03-01,2011-04-01
9593921,Russia,2011-04-01,2023-04-01
9593921,Russia,2023-04-01,2023-04-01
9593921,Malta,2023-04-01,
9599341,Malta,2010-11-01,2014-04-01
9599341,Russia,2014-04-01,2023-02-01
9599341,Palau (Republic of),2023-02-01,2023-02-01
9599341,Malta,2023-02-01,
9599353,Malta,2011-05-01,2014-04-01
9599353,Russia,2014-04-01,2014-10-01
9599353,Russia,2014-10-01,2023-02-01
9599353,Palau (Republic of),2023-02-01,2023-02-01
9599353,Malta,2023-02-01,
9602825,Russia,2011-09-01,2011-09-01
9602825,Malta,2011-09-01,2023-04-01
9602825,Russia,2023-04-01,2023-04-01
9602825,Malta,2023-04-01,
9607710,Panama,2012-07-01,
9610781,Liberia,2012-05-01,2024-01-01
9610781,Gabon,2024-01-01,2024-09-01
9610781,Barbados,2024-09-01,
9610793,Liberia,2012-09-01,2024-01-01
9610793,Gabon,2024-01-01,2024-04-01
9610793,Russia,2024-04-01,
9610808,Liberia,2013-01-01,2023-12-01
9610808,Panama,2023-12-01,2024-03-01
9610808,Not Known,2024-03-01,2024-04-01
9610808,Russia,2024-04-01,
9610810,Liberia,2013-05-01,2024-01-01
9610810,Russia,2024-01-01,
9612909,Russia,2012-07-01,
9612911,Russia,2012-11-01,
9612923,Russia,2013-05-01,
9616955,Russia,2012-02-01,2012-02-01
9616955,Malta,2012-02-01,2023-04-01
9616955,Russia,2023-04-01,2023-04-01
9616955,Malta,2023-04-01,
9621558,Russia,2013-01-01,
9621560,Russia,2013-06-01,
9621596,Malta,2016-03-01,2024-01-01
9621596,Russia,2024-01-01,
9624304,Russia,2012-04-01,2012-04-01
9624304,Malta,2012-04-01,2023-04-01
9624304,Russia,2023-04-01,2023-04-01
9624304,Malta,2023-04-01,
9624316,Malta,2012-09-01,2012-11-01
9624316,Russia,2012-11-01,2023-04-01
9624316,Russia,2023-04-01,2023-04-01
9624316,Malta,2023-04-01,
9637583,Malta,2012-06-01,2012-07-01
9637583,Russia,2012-07-01,
9637961,Russia,2016-04-01,
9637973,Russia,2016-07-01,
9640516,Russia,2012-05-01,
9640528,Russia,2012-06-01,
9640530,Russia,2012-07-01,2023-05-01
9640530,Russia,2023-05-01,
9640542,Russia,2012-08-01,2023-06-01
9640542,Russia,2023-06-01,
9640566,Russia,2012-10-01,
9640578,Russia,2012-11-01,
9640580,Russia,2013-05-01,
9645009,Russia,2012-07-01,
9645011,Russia,2012-08-01,2012-08-01
9645011,Russia,2012-08-01,
9645023,Russia,2012-10-01,
9645035,Russia,2012-11-01,
9645047,Russia,2012-12-01,2013-05-01
9645047,Russia,2013-05-01,2023-07-01
9645047,Russia,2023-07-01,
9645061,Russia,2013-04-01,
9645114,Russia,2013-10-01,2013-10-01
9645114,Russia,2013-10-01,
9645982,Malta,2013-03-01,2013-05-01
9645982,Russia,2013-05-01,2015-09-01
9645982,Russia,2015-09-01,2017-11-01
9645982,Russia,2017-11-01,2019-10-01
9645982,Russia,2019-10-01,2019-10-01
9645982,Malta,2019-10-01,
9655468,Russia,2013-07-01,2013-07-01
9655468,Malta,2013-07-01,2017-12-01
9655468,Russia,2017-12-01,2019-10-01
9655468,Russia,2019-10-01,2019-10-01
9655468,Russia,2019-10-01,2019-10-01
9655468,Malta,2019-10-01,
9655470,Russia,2013-10-01,2013-10-01
9655470,Malta,2013-10-01,2015-09-01
9655470,Russia,2015-09-01,2017-12-01
9655470,Russia,2017-12-01,2023-02-01
9655470,Palau (Republic of),2023-02-01,2023-02-01
9655470,Malta,2023-02-01,
9683714,Russia,2014-04-01,
9683726,Russia,2014-03-01,
9690212,Russia,2014-03-01,2014-03-01
9690212,Belize,2014-03-01,2014-04-01
9690212,Russia,2014-04-01,2014-04-01
9690212,Belize,2014-04-01,
9735139,Russia,2014-10-01,
9749154,Malta,2017-01-01,2017-02-01
9749154,Russia,2017-02-01,
9759939,Russia,2017-06-01,
9766073,Russia,2016-01-01,2016-07-01
9766073,Marshall Islands,2016-07-01,2017-08-01
9766073,Russia,2017-08-01,2017-08-01
9766073,Russia,2017-08-01,
9766085,Russia,2018-10-01,
9777656,Russia,2015-06-01,2015-06-01
9777656,Malta,2015-06-01,2022-09-01
9777656,Not Known,2022-09-01,2022-09-01
9777656,Malta,2022-09-01,2022-12-01
9777656,Cameroon,2022-12-01,2023-02-01
9777656,Russia,2023-02-01,
9779941,Marshall Islands,2017-01-01,2023-06-01
9779941,Azerbaijan,2023-06-01,
9810513,Liberia,2018-02-01,2023-06-01
9810513,Azerbaijan,2023-06-01,
9813565,Russia,2016-10-01,2016-10-01
9813565,Jamaica,2016-10-01,2016-12-01
9813565,Azerbaijan,2016-12-01,2023-12-01
9813565,Panama,2023-12-01,2023-12-01
9813565,Jamaica,2023-12-01,
9821469,Azerbaijan,2020-05-01,
9821471,Azerbaijan,2021-06-01,
9826902,Liberia,2019-02-01,2024-01-01
9826902,Gabon,2024-01-01,2024-08-01
9826902,Barbados,2024-08-01,
9832547,Liberia,2018-07-01,2023-11-01
9832547,Panama,2023-11-01,
9832559,Liberia,2018-07-01,2023-10-01
9832559,Panama,2023-10-01,
9842176,Russia,2020-12-01,
9842188,Russia,2022-06-01,
9842190,Russia,2023-06-01,
9843560,Liberia,2019-03-01,2024-01-01
9843560,Gabon,2024-01-01,2024-08-01
9843560,Barbados,2024-08-01,
9846237,Russia,2018-05-01,
9866380,Russia,2022-12-01,
9866392,Russia,2023-12-01,
9901025,Cyprus,2022-03-01,2022-11-01
9901025,Panama,2022-11-01,2022-11-01
9901025,Panama,2022-11-01,
9901037,Cyprus,2022-05-01,2022-11-01
9901037,Panama,2022-11-01,2022-11-01
9901037,Panama,2022-11-01,
9904106,"Hong Kong, China",2021-02-01,
9917402,"Hong Kong, China",2021-05-01,
9981087,China Peoples's Republic,2023-01-01,
