vessel_imo,vessel_name,start_date,end_date
8727941,KAPITAN PSHENITSIN,1997-01-01,
8727953,KAPITAN PERMYAKOV,1998-02-01,
8727965,KAPITAN SCHEMILKIN,1996-01-01,
8867179,MEKHANIK VORONKOV,1999-07-01,
8906951,Saturnus,2005-06-01,2014-05-01
8906951,ZALIV NAKHODKA,2014-05-01,
8914855,Saniva,2009-01-01,2018-04-01
8914855,ARGO,2018-04-01,
9004310,Glorisky,2015-04-01,2023-02-01
9004310,ORIS,2023-02-01,
9016870,Stolt Razorbill,2007-10-01,2020-11-01
9016870,AMMOLIT,2020-11-01,
9017666,Gloriwave,2010-06-01,2022-12-01
9017666,RIWA,2022-12-01,
9035541,Marshal Tukhachevskiy,2012-09-01,2023-05-01
9035541,MILLEROVO,2023-05-01,
9040077,Esta Desgagnes,2010-04-01,2020-08-01
9040077,CALLISTO,2020-08-01,
9046576,YAROSLAV MUDRYY,2012-06-01,
9056571,Betty Theresa,2006-01-01,2009-05-01
9056571,Energizer,2009-05-01,2014-09-01
9056571,IMMANUEL,2014-09-01,
9063732,KAPITAN SOSENKOV,1998-01-01,
9104782,KAZAN CITY,1996-01-01,
9105140,TAIMYR,2018-11-01,
9114751,Eduard Essberger,2010-05-01,2020-07-01
9114751,SAMSON,2020-07-01,
9131357,Knut,2020-09-01,2020-10-01
9131357,ORION,2020-10-01,
9133587,S Spirit,2018-08-01,2018-10-01
9133587,Hudara,2018-10-01,2019-06-01
9133587,Siro 1,2019-06-01,2020-05-01
9133587,Adisa,2020-05-01,2021-06-01
9133587,Helios,2021-06-01,2022-07-01
9133587,Mockingbird,2022-07-01,2023-04-01
9133587,PABLO,2023-04-01,
9137648,Crimson,2015-11-01,2021-01-01
9137648,Rimson,2021-01-01,2021-02-01
9137648,Osprey,2021-02-01,2023-08-01
9137648,CARUZO,2023-08-01,
9144782,Omera Queen,2011-03-01,2020-10-01
9144782,Mera Q,2020-10-01,2020-12-01
9144782,Pelican,2020-12-01,2022-07-01
9144782,Turba,2022-07-01,2023-12-01
9144782,BODHI,2023-12-01,2023-12-01
9144782,Robon,2023-12-01,
9163752,ARAM KHACHATURIAN,2022-03-01,
9166314,ASTORIA,1999-01-01,
9168946,Guru,2021-06-01,2021-12-01
9168946,ZEVS,2021-12-01,
9171175,Astrakhan,2000-01-01,2006-04-01
9171175,Stepan Makarov,2006-04-01,2007-11-01
9171175,Prodromi,2007-11-01,2011-12-01
9171175,Ice Eagle,2011-12-01,2023-01-01
9171175,CILICIA,2023-01-01,
9171357,Nounou,2000-06-01,2021-04-01
9171357,Dev Shakti,2021-04-01,2022-08-01
9171357,Dp 7,2022-08-01,2023-08-01
9171357,DIVINE POWER,2023-08-01,
9171735,Garonne,2003-01-01,2004-04-01
9171735,Songa Aneline,2004-04-01,2004-04-01
9171735,Gironde,2004-04-01,2007-01-01
9171735,Sichem Aneline,2007-01-01,2017-12-01
9171735,Prisco Alfa,2017-12-01,2022-11-01
9171735,HAMSI,2022-11-01,
9175078,Oliver Jacob,2002-06-01,2014-02-01
9175078,New Trust,2014-02-01,2021-06-01
9175078,ZAMBRA,2021-06-01,
9183271,Front Archer,2000-01-01,2000-02-01
9183271,Mega Eagle,2000-02-01,2001-01-01
9183271,Ataulfo Alves,2001-01-01,2021-02-01
9183271,Ataul,2021-02-01,2021-05-01
9183271,Calypso,2021-05-01,2022-06-01
9183271,Iona,2022-06-01,2024-08-01
9183271,ION,2024-08-01,
9183295,Ioannis,2008-02-01,2020-08-01
9183295,Ioann,2020-08-01,2020-10-01
9183295,Aurora,2020-10-01,2023-03-01
9183295,NEON,2023-03-01,
9183831,Rhonestern,2000-01-01,2021-12-01
9183831,NP DUDINKA,2021-12-01,
9185528,Crude Dio,2000-01-01,2003-04-01
9185528,Genmar Spyridon,2003-04-01,2015-09-01
9185528,Gener8 Spyridon,2015-09-01,2016-12-01
9185528,Kriti Island,2016-12-01,2020-10-01
9185528,Sland,2020-10-01,2020-10-01
9185528,Eagle,2020-10-01,2022-07-01
9185528,LIMO,2022-07-01,
9186625,Ocean Quest,2016-01-01,2019-10-01
9186625,Viviana,2019-10-01,2023-04-01
9186625,LOURA B,2023-04-01,
9187227,Front Sky,2000-01-01,2003-08-01
9187227,Potomac,2003-08-01,2006-04-01
9187227,Cape Bantry,2006-04-01,2014-07-01
9187227,Kriti Sfakia,2014-07-01,2020-09-01
9187227,Krit,2020-09-01,2020-10-01
9187227,Spirit,2020-10-01,2022-11-01
9187227,Omega,2022-11-01,2024-07-01
9187227,MERU,2024-07-01,
9189146,Four Smile,2001-01-01,2019-12-01
9189146,Metis,2019-12-01,2022-03-01
9189146,MEMPHIS,2022-03-01,
9194012,Usinsk,2002-10-01,2008-04-01
9194012,Bozdag,2008-04-01,2018-12-01
9194012,Lagorta,2018-12-01,2021-10-01
9194012,ANABAR,2021-10-01,
9194983,Cosmic,2000-01-01,2017-01-01
9194983,Jag Laadki,2017-01-01,2021-01-01
9194983,Jannat Alferdos II,2021-01-01,2021-06-01
9194983,DELIVER,2021-06-01,
9194995,Majestic,2000-01-01,2016-06-01
9194995,Nordic Sirius,2016-06-01,2021-11-01
9194995,OCEAN PERI,2021-11-01,
9198290,Angelica An,2008-04-01,2019-02-01
9198290,Abalone,2019-02-01,2023-01-01
9198290,MD MIRANDA,2023-01-01,
9198783,Gulf Progress,2000-04-01,2009-07-01
9198783,Moray,2009-07-01,2014-11-01
9198783,BORAY,2014-11-01,
9199713,Sanko Dynasty,2003-08-01,2009-07-01
9199713,Dynasty,2009-07-01,2021-04-01
9199713,Bovista,2021-04-01,2023-11-01
9199713,ELIAK,2023-11-01,
9205067,Zallaq,2001-01-01,2015-07-01
9205067,New Navigator,2015-07-01,2017-03-01
9205067,Episkopi,2017-03-01,2021-03-01
9205067,RAVEN,2021-03-01,
9206671,Stena Natalita,2001-01-01,2021-06-01
9206671,Sensei,2021-06-01,2022-03-01
9206671,Elbrus,2022-03-01,2024-09-01
9206671,RANGLER,2024-09-01,
9207027,Nuria Tapias,2000-01-01,2004-07-01
9207027,Algeciras Spirit,2004-07-01,2014-02-01
9207027,Kriti Spirit,2014-02-01,2020-11-01
9207027,Riti S,2020-11-01,2021-02-01
9207027,Liberty,2021-02-01,2024-01-01
9207027,VERNAL,2024-01-01,
9208069,Minerva Nounou,2000-07-01,2007-09-01
9208069,Jag Lateef,2007-09-01,2020-12-01
9208069,Quan Xiang,2020-12-01,2021-01-01
9208069,Jannat Alferdos,2021-01-01,2021-09-01
9208069,Xocota,2021-09-01,2023-02-01
9208069,STELLAR BEVERLY,2023-02-01,
9208124,Baltic Carrier,2000-01-01,2000-01-01
9208124,Armodius,2000-01-01,2001-05-01
9208124,Baltic Chief,2001-05-01,2001-12-01
9208124,Baltic Chief I,2001-12-01,2019-10-01
9208124,Bella,2019-10-01,2020-11-01
9208124,Toro,2020-11-01,2022-10-01
9208124,SKY RIDER,2022-10-01,
9209972,Golkoy,2000-01-01,2005-03-01
9209972,Prem Mala,2005-03-01,2020-08-01
9209972,Marine Gracious,2020-08-01,2023-03-01
9209972,TEMIRO,2023-03-01,
9211896,Hudson,2001-04-01,2003-10-01
9211896,CASPIAN SPRINTER,2003-10-01,
9211999,Valbruna,2000-01-01,2013-07-01
9211999,SANAR-7,2013-07-01,
9212008,Vallombrosa,2000-01-01,2013-05-01
9212008,SANAR-8,2013-05-01,
9213296,Overseas Shirley,2001-01-01,2017-09-01
9213296,Seaways Shirley,2017-09-01,2018-11-01
9213296,Shirley,2018-11-01,2019-05-01
9213296,BRIGHT SONIA,2019-05-01,
9213313,Overseas Fran,2001-01-01,2017-09-01
9213313,Seaways Fran,2017-09-01,2020-11-01
9213313,Tsar Vladimir,2020-11-01,2021-05-01
9213313,Vankor,2021-05-01,2022-01-01
9213313,Oloro,2022-01-01,2022-10-01
9213313,Olmeca,2022-10-01,2023-03-01
9213313,Alita I,2023-03-01,2024-01-01
9213313,ALBEDO,2024-01-01,
9215098,High Svart Falk,2000-01-01,2003-03-01
9215098,Svart Falk,2003-03-01,2005-08-01
9215098,Torm Clara,2005-08-01,2018-11-01
9215098,Marina Bloom,2018-11-01,2020-09-01
9215098,Sun Hunter,2020-09-01,2021-01-01
9215098,MYRI JOY,2021-01-01,
9217319,Turcas I,2000-12-01,2002-04-01
9217319,Tena,2002-04-01,2013-04-01
9217319,IVAN PODDUBNY,2013-04-01,
9217321,Turcas II,2001-01-01,2002-02-01
9217321,Bonito,2002-02-01,2006-10-01
9217321,Transpacific,2006-10-01,2012-08-01
9217321,NIKOLAY SHALAVIN,2012-08-01,
9218181,Ocean Accord,2000-01-01,2018-01-01
9218181,Speed Pioneer,2018-01-01,2019-12-01
9218181,Caili Star,2019-12-01,2021-02-01
9218181,Tomie,2021-02-01,2023-12-01
9218181,ATLANTIS MZ,2023-12-01,
9220938,Valle Di Siviglia,2001-01-01,2020-12-01
9220938,Minerva,2020-12-01,2022-06-01
9220938,MARBEL,2022-06-01,
9222560,St. Clemens,2000-03-01,2008-08-01
9222560,Tulum,2008-08-01,2017-03-01
9222560,Jiangxi,2017-03-01,2017-05-01
9222560,Durango,2017-05-01,2020-02-01
9222560,Trident Modesty,2020-02-01,2021-05-01
9222560,CHEETAH II,2021-05-01,
9224283,Euro Sky,2002-08-01,2003-11-01
9224283,Summer Sky,2003-11-01,2006-11-01
9224283,Nordic Moon,2006-11-01,2022-07-01
9224283,Sol Pride,2022-07-01,2023-08-01
9224283,KAPAL CANTIK,2023-08-01,
9224441,SCF Caucasus,2002-01-01,2021-08-01
9224441,Bear Alcor,2021-08-01,2023-10-01
9224441,FIRN,2023-10-01,
9224465,SCF Sayan,2002-08-01,2021-08-01
9224465,Bear Mizar,2021-08-01,2023-10-01
9224465,NEVE,2023-10-01,
9227443,Searacer,2002-01-01,2021-03-01
9227443,Innova,2021-03-01,2024-07-01
9227443,ARLAN,2024-07-01,
9228332,Sfat-2,2000-01-01,2001-03-01
9228332,James,2001-03-01,2003-10-01
9228332,CASPIAN STREAM,2003-10-01,
9229374,Silia T,2002-01-01,2021-05-01
9229374,Odyssey,2021-05-01,2022-07-01
9229374,Simba,2022-07-01,2024-01-01
9229374,ODUNE,2024-01-01,
9230971,Nordatlantic,2001-01-01,2007-03-01
9230971,SC Sara,2007-03-01,2014-12-01
9230971,Silver Sun,2014-12-01,2020-07-01
9230971,SKADI,2020-07-01,
9231212,Golden Sea,2002-01-01,2002-02-01
9231212,Oinoussian Spirit,2002-02-01,2006-05-01
9231212,Dubai Legend,2006-05-01,2011-07-01
9231212,Seafalcon,2011-07-01,2021-09-01
9231212,MERMAR,2021-09-01,
9231468,Stavanger Navion,2002-06-01,2004-06-01
9231468,Stavanger Prince,2004-06-01,2015-06-01
9231468,Saint George,2015-06-01,2023-02-01
9231468,GIUSE,2023-02-01,
9231509,SCF Ural,2002-01-01,2022-04-01
9231509,Ra 2,2022-04-01,2022-06-01
9231509,Spm Strength,2022-06-01,2022-08-01
9231509,Mm Strength,2022-08-01,2022-12-01
9231509,TREND,2022-12-01,
9231767,Unicorn,2002-06-01,2007-11-01
9231767,Heydar Aliyev,2007-11-01,2018-10-01
9231767,Supreme,2018-10-01,2021-06-01
9231767,Clara,2021-06-01,2022-09-01
9231767,Lara I,2022-09-01,2024-01-01
9231767,Camelia,2024-01-01,2024-01-01
9231767,MISSION,2024-01-01,
9232888,Aegean Faith,2003-03-01,2018-12-01
9232888,Kriti Bastion,2018-12-01,2023-02-01
9232888,KSENA,2023-02-01,
9232929,SKS Sira,2002-12-01,2012-12-01
9232929,Cape Bellavista,2012-12-01,2020-09-01
9232929,Cape Bella V,2020-09-01,2024-02-01
9232929,MAISHA,2024-02-01,
9232931,SKS Sinni,2003-02-01,2020-09-01
9232931,Okeanos,2020-09-01,2023-05-01
9232931,NARCISSUS,2023-05-01,
9233349,Glory Crystal,2000-01-01,2011-08-01
9233349,Drakes Moon,2011-08-01,2013-09-01
9233349,Moon Safari,2013-09-01,2019-08-01
9233349,Ocean Safari,2019-08-01,2020-03-01
9233349,VESNA,2020-03-01,
9233741,Four Sun,2003-05-01,2008-09-01
9233741,Nell Jacob,2008-09-01,2021-03-01
9233741,Henry,2021-03-01,2022-10-01
9233741,Hali,2022-10-01,2024-07-01
9233741,OLIVIA,2024-07-01,
9233765,Euro Sea,2003-01-01,2003-11-01
9233765,Calm Sea,2003-11-01,2006-12-01
9233765,Nordic Cosmos,2006-12-01,2022-10-01
9233765,AULIS,2022-10-01,
9234501,Baluni,2002-07-01,2004-08-01
9234501,Elka Baluni,2004-08-01,2005-07-01
9234501,Amatlan II,2005-07-01,2011-03-01
9234501,Veracruz,2011-03-01,2020-01-01
9234501,Trident Trinity,2020-01-01,2021-03-01
9234501,SEALION I,2021-03-01,
9234642,Discovery,2003-01-01,2007-12-01
9234642,Zarifa Aliyeva,2007-12-01,2018-12-01
9234642,Sumac,2018-12-01,2020-11-01
9234642,Alexei,2020-11-01,2021-12-01
9234642,Nikel,2021-12-01,2022-11-01
9234642,Orbit I,2022-11-01,2024-06-01
9234642,KOALA,2024-06-01,
9235684,Sfat-3,2000-01-01,2001-02-01
9235684,Trinity,2001-02-01,2003-09-01
9235684,CASPIAN LEADER,2003-09-01,
9235713,Astro Sculptor,2003-01-01,2022-04-01
9235713,AMBER 6,2022-04-01,
9235725,Astro Saturn,2003-04-01,2021-08-01
9235725,FUGA BLUEMARINE,2021-08-01,
9236004,Paros,2002-11-01,2004-01-01
9236004,Filikon,2004-01-01,2021-06-01
9236004,KATIUSKA,2021-06-01,
9236016,Anafi,2003-01-01,2004-12-01
9236016,Finesse,2004-12-01,2020-02-01
9236016,Aldus,2020-02-01,2020-10-01
9236016,Zenith,2020-10-01,2022-01-01
9236016,Rosa,2022-01-01,2022-12-01
9236016,Cros,2022-12-01,2024-01-01
9236016,VISION,2024-01-01,
9236353,Aegean Eagle,2003-01-01,2004-08-01
9236353,Arlene,2004-08-01,2007-10-01
9236353,Iskmati Spirit,2007-10-01,2020-02-01
9236353,Icaria,2020-02-01,2021-03-01
9236353,Azul,2021-03-01,2022-09-01
9236353,Julia A,2022-09-01,2024-02-01
9236353,BLUE,2024-02-01,
9236640,Nefeli,2003-04-01,2003-04-01
9236640,High Nefeli,2003-04-01,2014-12-01
9236640,Crown Ii,2014-12-01,2022-08-01
9236640,Own Ii,2022-08-01,2024-02-01
9236640,ONYX,2024-02-01,
9236743,Searambler,2001-01-01,2019-10-01
9236743,PRIMORYE,2019-10-01,
9236755,Seaempress,2002-02-01,2022-01-01
9236755,Linnet,2022-01-01,2022-10-01
9236755,LIANA,2022-10-01,
9237228,Ocean Lady,2002-03-01,2012-01-01
9237228,Pacific Bridge,2012-01-01,2019-12-01
9237228,Rhea,2019-12-01,2024-06-01
9237228,LUKA,2024-06-01,
9237412,Jag Lavanya,2004-01-01,2023-07-01
9237412,Hontao,2023-07-01,2024-05-01
9237412,SEASKY,2024-05-01,
9239642,Alnoman,2003-01-01,2007-02-01
9239642,Petrolimex 10,2007-02-01,2023-01-01
9239642,Levias,2023-01-01,2024-02-01
9239642,AK ANA,2024-02-01,
9240407,Album,2003-07-01,2023-04-01
9240407,Roana,2023-04-01,2024-08-01
9240407,ADELINE I,2024-08-01,
9240885,Torm Gertrud,2002-11-01,2020-08-01
9240885,Caida Star,2020-08-01,2021-11-01
9240885,EAST 1,2021-11-01,
9242118,Sinova,2003-06-01,2006-07-01
9242118,Hs Medea,2006-07-01,2018-07-01
9242118,Celestial,2018-07-01,2020-09-01
9242118,SHANAYE QUEEN,2020-09-01,
9242120,Avor,2003-08-01,2006-08-01
9242120,Hs Carmen,2006-08-01,2018-05-01
9242120,Aquanaut,2018-05-01,2020-02-01
9242120,Shawna,2020-02-01,2021-01-01
9242120,Rossoneri,2021-01-01,2022-12-01
9242120,NYANTARA,2022-12-01,
9242223,World Kronos,2003-03-01,2004-01-01
9242223,Felicity,2004-01-01,2004-03-01
9242223,Phoenix Beta,2004-03-01,2016-07-01
9242223,Anggerik,2016-07-01,2022-11-01
9242223,SHUN TAI,2022-11-01,
9246475,Euro Song,2003-03-01,2004-08-01
9246475,Port Said,2004-08-01,2020-02-01
9246475,Dean,2020-02-01,2023-05-01
9246475,Beks Fire,2023-05-01,2024-04-01
9246475,Sure,2024-04-01,2024-07-01
9246475,VARSHA,2024-07-01,
9247065,Boraq,2003-04-01,2020-12-01
9247065,DORIS,2020-12-01,
9247431,Asian Spirit,2004-01-01,2017-03-01
9247431,Eurofaith,2017-03-01,2021-07-01
9247431,Eastern Pride,2021-07-01,2023-01-01
9247431,Remy,2023-01-01,2024-03-01
9247431,WILMA II,2024-03-01,
9247778,San Jacinto,2002-03-01,2008-08-01
9247778,Torm San Jacinto,2008-08-01,2019-08-01
9247778,Sabella,2019-08-01,2020-07-01
9247778,IRIS,2020-07-01,
9247780,British Hawthorn,2003-01-01,2013-01-01
9247780,Afra Hawthorn,2013-01-01,2023-04-01
9247780,Datura,2023-04-01,2023-08-01
9247780,TURACO,2023-08-01,
9247792,British Oak,2003-04-01,2013-03-01
9247792,Afra Oak,2013-03-01,2020-03-01
9247792,Oaka,2020-03-01,2023-03-01
9247792,Damia,2023-03-01,2023-06-01
9247792,Gabrielle,2023-06-01,2024-03-01
9247792,LALIQUE,2024-03-01,
9247883,Morning Glory VIII,2002-12-01,2017-04-01
9247883,Ocean Aquamarine,2017-04-01,2019-03-01
9247883,Aquamarine,2019-03-01,2021-06-01
9247883,Ever Rich No. 18,2021-06-01,2022-08-01
9247883,ELZA,2022-08-01,
9248796,Seaexplorer,2003-01-01,2022-07-01
9248796,Beks World,2022-07-01,2024-03-01
9248796,SPRIT,2024-03-01,
9248801,Seacrown,2003-01-01,2011-08-01
9248801,Seacrown I,2011-08-01,2022-06-01
9248801,Atacama,2022-06-01,2024-08-01
9248801,MU DAN,2024-08-01,
9248849,Overseas Cathy,2003-12-01,2012-12-01
9248849,DHT Cathy,2012-12-01,2018-12-01
9248849,Camelia,2018-12-01,2019-07-01
9248849,Bull Damai 1,2019-07-01,2023-07-01
9248849,Swordfish,2023-07-01,2024-07-01
9248849,Salamander,2024-07-01,2024-08-01
9248849,SILVERA,2024-08-01,
9249087,Hrvatska,2005-05-01,2017-07-01
9249087,Euroglory,2017-07-01,2022-11-01
9249087,HS GLORY,2022-11-01,
9249128,Sakhalin Island,2004-05-01,2024-04-01
9249128,SAKHALIN,2024-04-01,
9249130,Governor Farkhutdinov,2004-09-01,2021-08-01
9249130,Sargazo,2021-08-01,2022-11-01
9249130,Butterfly A,2022-11-01,2024-04-01
9249130,CHILLI,2024-04-01,
9249312,Front Melody,2001-01-01,2017-02-01
9249312,Ds Melody,2017-02-01,2019-05-01
9249312,A Melody,2019-05-01,2022-01-01
9249312,Misca,2022-01-01,2024-06-01
9249312,Mossa,2024-06-01,2024-08-01
9249312,IZOLA,2024-08-01,
9249324,Front Symphony,2001-01-01,2017-02-01
9249324,Ds Symphony,2017-02-01,2019-05-01
9249324,A Symphony,2019-05-01,2022-07-01
9249324,Cathay Phoenix,2022-07-01,2024-03-01
9249324,IZUMO,2024-03-01,
9250531,Alonissos,2004-03-01,2021-06-01
9250531,Wonder Musica,2021-06-01,2023-07-01
9250531,PYTHON,2023-07-01,
9250543,Megalonissos,2004-05-01,2021-05-01
9250543,Wonder Avior,2021-05-01,2023-07-01
9250543,NEOMI,2023-07-01,
9250892,Eagle Toledo,2003-03-01,2021-03-01
9250892,Joseph,2021-03-01,2022-09-01
9250892,Melia,2022-09-01,2023-06-01
9250892,Lucia,2023-06-01,2024-06-01
9250892,MIKATI,2024-06-01,
9250907,Eagle Trenton,2003-05-01,2020-12-01
9250907,RANI,2020-12-01,
9251274,Aldebaran Star,2003-06-01,2014-12-01
9251274,Khafji,2014-12-01,2022-11-01
9251274,CRIUS,2022-11-01,
9251456,Meriom Jade,2003-06-01,2004-06-01
9251456,Port Stewart,2004-06-01,2019-11-01
9251456,Port S,2019-11-01,2020-03-01
9251456,Trident Serenity,2020-03-01,2021-04-01
9251456,DAPHNE I,2021-04-01,
9251810,British Laurel,2002-11-01,2013-01-01
9251810,Afra Laurel,2013-01-01,2023-06-01
9251810,CROSS OCEAN,2023-06-01,
9252400,Freja Ocean,2002-11-01,2012-11-01
9252400,Kriti Sea,2012-11-01,2023-02-01
9252400,ONYX,2023-02-01,
9252436,Hispanica,2003-06-01,2003-06-01
9252436,Stena Conquest,2003-06-01,2020-12-01
9252436,Lady Ella,2020-12-01,2023-07-01
9252436,Starry,2023-07-01,2024-02-01
9252436,CALLISTO,2024-02-01,
9253076,Eagle Tampa,2003-01-01,2021-03-01
9253076,Mira,2021-03-01,2024-08-01
9253076,REUS,2024-08-01,
9253234,Pink Star,2003-04-01,2004-06-01
9253234,Kaltene,2004-06-01,2013-04-01
9253234,Berenike,2013-04-01,2023-02-01
9253234,GLYFADA,2023-02-01,
9253313,Coral Sea,2003-11-01,2021-05-01
9253313,Coral I,2021-05-01,2024-03-01
9253313,ARABELA,2024-03-01,
9253325,Ceram Sea,2004-03-01,2013-11-01
9253325,Gold Sun,2013-11-01,2022-01-01
9253325,NURKEZ,2022-01-01,
9253595,Milleura,2003-01-01,2013-12-01
9253595,Jenny I,2013-12-01,2023-05-01
9253595,Paprika,2023-05-01,2024-01-01
9253595,BHARAT,2024-01-01,
9253894,Voyager,2002-01-01,2021-12-01
9253894,Voss,2021-12-01,2022-08-01
9253894,Ocean,2022-08-01,2023-06-01
9253894,Taurus A,2023-06-01,2024-03-01
9253894,DESTAMAR,2024-03-01,
9253909,Astra,2002-01-01,2022-01-01
9253909,Waltz,2022-01-01,2022-12-01
9253909,JAMES II,2022-12-01,
9254915,Petrovsk,2004-03-01,2018-12-01
9254915,Junior I,2018-12-01,2019-07-01
9254915,Anisa,2019-07-01,2019-10-01
9254915,Nadezhda,2019-10-01,2020-12-01
9254915,Martina,2020-12-01,2024-07-01
9254915,VIOLA,2024-07-01,
9255244,St. Marco,2003-07-01,2008-08-01
9255244,Marco,2008-08-01,2008-09-01
9255244,Maersk Michigan,2008-09-01,2023-06-01
9255244,BOLOGNIA FALCON,2023-06-01,
9255268,Purha,2003-06-01,2015-09-01
9255268,Baltico,2015-09-01,2018-04-01
9255268,ANDREY PERVOZVANNIY,2018-04-01,
9255270,Jurmo,2004-01-01,2015-09-01
9255270,Bonito,2015-09-01,2021-12-01
9255270,NP DIKSON,2021-12-01,
9255660,Seascout,2004-01-01,2023-05-01
9255660,PONTUS I,2023-05-01,
9255672,Isabella,2004-02-01,2024-04-01
9255672,LEBRE,2024-04-01,
9255830,Nordafrika,2003-06-01,2005-09-01
9255830,Petrolimex 08,2005-09-01,2022-03-01
9255830,SEA MARINE 1,2022-03-01,
9256028,Inca,2003-03-01,2022-08-01
9256028,B Eva,2022-08-01,2023-11-01
9256028,SEGINUS,2023-11-01,
9256054,NEVSKIY PROSPECT,2003-08-01,
9256066,LIGOVSKY PROSPECT,2003-09-01,
9256078,Liteyny Prospect,2004-01-01,2004-02-01
9256078,Stena Contender,2004-02-01,2007-02-01
9256078,LITEYNY PROSPECT,2007-02-01,
9256913,Hermitage Bridge,2003-12-01,2021-07-01
9256913,Lady Tyna,2021-07-01,2022-01-01
9256913,RIO NAPO,2022-01-01,
9257022,Sanko Bright,2003-10-01,2012-08-01
9257022,Acs Bright,2012-08-01,2014-12-01
9257022,Ridgebury Alice M,2014-12-01,2018-03-01
9257022,S-Trooper,2018-03-01,2023-01-01
9257022,LACONIA,2023-01-01,
9257137,Astro Cassiopeia,2003-09-01,2009-07-01
9257137,Maran Cassiopeia,2009-07-01,2022-06-01
9257137,Auriga,2022-06-01,2024-03-01
9257137,MIN HANG,2024-03-01,
9257814,Marathon,2003-01-01,2010-04-01
9257814,Karachi,2010-04-01,2022-12-01
9257814,TOREX,2022-12-01,
9257993,Kaluga,2003-09-01,2021-08-01
9257993,Majestic,2021-08-01,2021-10-01
9257993,MISTRAL 1,2021-10-01,
9258002,KAZAN,2003-10-01,
9258026,Eland,2003-09-01,2011-06-01
9258026,Eskden,2011-06-01,2013-01-01
9258026,Sea Horizon,2013-01-01,2023-06-01
9258026,EDERRA,2023-06-01,
9258167,TROITSKY BRIDGE,2003-11-01,
9258868,British Swift,2003-05-01,2017-09-01
9258868,Star Swift,2017-09-01,2021-03-01
9258868,Marid,2021-03-01,2021-04-01
9258868,Gold Season,2021-04-01,2023-08-01
9258868,ASHER,2023-08-01,
9258870,British Merlin,2003-07-01,2017-02-01
9258870,Pericles,2017-02-01,2021-08-01
9258870,Carolina,2021-08-01,2022-05-01
9258870,Emilia,2022-05-01,2024-07-01
9258870,LELIA,2024-07-01,
9258882,British Osprey,2003-12-01,2017-09-01
9258882,Star Osprey,2017-09-01,2021-05-01
9258882,LEGEND,2021-05-01,
9259185,Seanostrum,2002-11-01,2020-01-01
9259185,Hebe,2020-01-01,2024-07-01
9259185,DAKSHA,2024-07-01,
9259197,Pacific Leo,2003-02-01,2014-04-01
9259197,Ads Oslo,2014-04-01,2019-10-01
9259197,Gundala,2019-10-01,2022-02-01
9259197,Redbud,2022-02-01,2022-11-01
9259197,THALIA III,2022-11-01,
9259599,Sea Lady,2003-08-01,2014-09-01
9259599,Celtic Sea,2014-09-01,2021-05-01
9259599,CT Leader,2021-05-01,2021-05-01
9259599,Ying Hai,2021-05-01,2022-09-01
9259599,HAI II,2022-09-01,
9259733,Da Yuan Hu,2004-06-01,2022-05-01
9259733,Lila Guangzhou,2022-05-01,2022-10-01
9259733,SNOW LOTUS,2022-10-01,
9259745,Da Li Hu,2004-12-01,2022-08-01
9259745,Lila Shenzhen,2022-08-01,2022-11-01
9259745,ETERNAL PEACE,2022-11-01,
9259991,Prostar,2003-05-01,2005-06-01
9259991,Baltic Wave,2005-06-01,2023-03-01
9259991,Beks Tango,2023-03-01,2024-03-01
9259991,SEZAR,2024-03-01,
9260275,Cape Bruny,2004-01-01,2015-10-01
9260275,Sw Monaco I,2015-10-01,2023-03-01
9260275,Blue Sun,2023-03-01,2024-08-01
9260275,KATRAN,2024-08-01,
9260823,Mare Tirrenum,2004-03-01,2020-10-01
9260823,Aura,2020-10-01,2021-06-01
9260823,Future,2021-06-01,2024-07-01
9260823,FIESTA,2024-07-01,
9261401,Prosky,2003-11-01,2005-06-01
9261401,Baltic Wind,2005-06-01,2023-03-01
9261401,Beks Focus,2023-03-01,2024-03-01
9261401,SIREN,2024-03-01,
9261657,Southern Unity,2004-03-01,2008-12-01
9261657,Amalienborg,2008-12-01,2016-08-01
9261657,Shandong Zihe,2016-08-01,2023-12-01
9261657,C VIKING,2023-12-01,
9262170,Morina,2004-02-01,2014-11-01
9262170,Leonid Komogortsev,2014-11-01,2016-09-01
9262170,El Charro,2016-09-01,2019-03-01
9262170,MERCURY,2019-03-01,
9262924,Lita,2002-09-01,2006-05-01
9262924,Intrepid Reliance,2006-05-01,2012-06-01
9262924,Guneshli,2012-06-01,2021-01-01
9262924,Lin Dan,2021-01-01,2022-01-01
9262924,Linda I,2022-01-01,2024-08-01
9262924,UTAKI,2024-08-01,
9263186,Mount Rainier,2004-03-01,2014-03-01
9263186,Hafnia Rainier,2014-03-01,2022-07-01
9263186,Beks Blue,2022-07-01,2024-03-01
9263186,SEAL,2024-03-01,
9263198,Mount Robson,2004-05-01,2014-06-01
9263198,Hafnia Robson,2014-06-01,2022-08-01
9263198,Beks Naz,2022-08-01,2024-03-01
9263198,SAINT,2024-03-01,
9263203,Mount Adamello,2004-08-01,2014-05-01
9263203,Hafnia Adamello,2014-05-01,2022-07-01
9263203,Beks Lina,2022-07-01,2024-03-01
9263203,SOUL,2024-03-01,
9263643,Unique Privilege,2003-11-01,2007-11-01
9263643,Maersk Privilege,2007-11-01,2018-04-01
9263643,Ever Rich No. 18,2018-04-01,2019-11-01
9263643,Azimuth,2019-11-01,2020-06-01
9263643,Patmos Ii,2020-06-01,2020-07-01
9263643,Amalfi,2020-07-01,2021-02-01
9263643,Lidinia,2021-02-01,2021-10-01
9263643,Sona Star,2021-10-01,2024-05-01
9263643,FRUNZE,2024-05-01,
9264570,Song Lin Wan,2002-11-01,2014-11-01
9264570,Portman Square,2014-11-01,2020-06-01
9264570,THEMIS,2020-06-01,
9265756,Yerotsakos,2005-02-01,2005-06-01
9265756,Atlantic Galaxy,2005-06-01,2011-09-01
9265756,Sophie Schulte,2011-09-01,2022-06-01
9265756,Beks Sun,2022-06-01,2024-03-01
9265756,LIFE,2024-03-01,
9265873,Alcmar,2004-01-01,2006-05-01
9265873,Overseas Alcmar,2006-05-01,2017-04-01
9265873,Seaways Alcmar,2017-04-01,2018-04-01
9265873,Karema,2018-04-01,2021-12-01
9265873,Symphony,2021-12-01,2023-05-01
9265873,KAMELOT,2023-05-01,
9265885,Andromar,2004-03-01,2006-01-01
9265885,Overseas Andromar,2006-01-01,2017-09-01
9265885,Seaways Andromar,2017-09-01,2017-11-01
9265885,Johnny Trader,2017-11-01,2023-02-01
9265885,SEA MAVERICK,2023-02-01,
9266475,Silver Lining,2003-02-01,2014-09-01
9266475,Mila,2014-09-01,2018-10-01
9266475,Safesea Neha III,2018-10-01,2023-03-01
9266475,SAURI,2023-03-01,
9266750,Formosaproduct Alpine,2004-11-01,2012-12-01
9266750,Turris,2012-12-01,2016-02-01
9266750,FPMC P Alpine,2016-02-01,2019-01-01
9266750,Super Lotus,2019-01-01,2021-08-01
9266750,Yong Xing Shun Hang,2021-08-01,2023-03-01
9266750,MAGIC LADY,2023-03-01,
9266762,Formosaproduct Brick,2005-04-01,2011-08-01
9266762,FPMC P Venus,2011-08-01,2013-04-01
9266762,Formosa Falcon,2013-04-01,2018-10-01
9266762,Sino Pacific,2018-10-01,2019-01-01
9266762,Super Sky,2019-01-01,2019-07-01
9266762,Junior G,2019-07-01,2023-01-01
9266762,JAG,2023-01-01,
9266853,British Hazel,2004-01-01,2016-02-01
9266853,Sea Hazel,2016-02-01,2024-03-01
9266853,NEREUS SOPHIA,2024-03-01,
9268112,Fuji Spirit,2003-09-01,2016-03-01
9268112,Blue Power,2016-03-01,2022-03-01
9268112,Arc I,2022-03-01,2024-02-01
9268112,OLIA,2024-02-01,
9269257,Altius,2003-11-01,2004-08-01
9269257,Fortius,2004-08-01,2010-03-01
9269257,Newlead Fortune,2010-03-01,2011-12-01
9269257,Fortune,2011-12-01,2013-04-01
9269257,BW Lara,2013-04-01,2022-07-01
9269257,Lara,2022-07-01,2023-12-01
9269257,LARA II,2023-12-01,
9269350,KAPITAN BARMIN,2002-12-01,
9269403,Bianca Amoretti,2003-08-01,2022-07-01
9269403,M K A,2022-07-01,
9270517,Krasnodar,2003-01-01,2021-11-01
9270517,Dream Vision,2021-11-01,2022-02-01
9270517,SEAGULL,2022-02-01,
9270529,KRYMSK,2003-10-01,
9270749,Pacific Oasis,2004-01-01,2013-08-01
9270749,Jag Prabha,2013-08-01,2024-01-01
9270749,GAURI,2024-01-01,
9271327,Iblea,2003-03-01,2022-05-01
9271327,Lea,2022-05-01,2024-02-01
9271327,CUP,2024-02-01,
9271573,Monte Toledo,2004-05-01,2023-12-01
9271573,ADEBOMI,2023-12-01,
9271585,Monte Granada,2004-10-01,2012-03-01
9271585,Archway,2012-03-01,2013-10-01
9271585,Crescent Moon,2013-10-01,2023-01-01
9271585,HERACLES,2023-01-01,
9271951,Formosa Twelve,2004-09-01,2010-10-01
9271951,Ardmore Seamaster,2010-10-01,2019-03-01
9271951,CCPC Voyager,2019-03-01,2019-10-01
9271951,Barcan Iii,2019-10-01,2022-12-01
9271951,Bacci,2022-12-01,2023-02-01
9271951,FACCA,2023-02-01,
9272931,High Endeavour,2004-09-01,2017-02-01
9272931,Sw Tropez I,2017-02-01,2023-01-01
9272931,Pericles,2023-01-01,2024-09-01
9272931,GARUDA,2024-09-01,
9273052,Singapore Voyager,2003-01-01,2017-12-01
9273052,Delos Voyager,2017-12-01,2020-12-01
9273052,Gulf Voyager,2020-12-01,2021-03-01
9273052,Lafiza,2021-03-01,2021-07-01
9273052,Afra Crown,2021-07-01,2022-12-01
9273052,DANICA,2022-12-01,
9273442,Kaspar Schulte,2004-01-01,2015-06-01
9273442,Sauger,2015-06-01,2023-05-01
9273442,Beks Lotus,2023-05-01,2024-03-01
9273442,PIER,2024-03-01,
9274434,Cap Leon,2003-10-01,2022-07-01
9274434,NANDA DEVI,2022-07-01,
9274446,Cap Pierre,2004-03-01,2022-04-01
9274446,Huelva Star,2022-04-01,2022-10-01
9274446,HS STAR,2022-10-01,
9274616,Pantelis,2004-05-01,2018-09-01
9274616,Seajewel,2018-09-01,2021-01-01
9274616,Atlantic Pride,2021-01-01,2022-09-01
9274616,LA PRIDE,2022-09-01,
9274666,Leinestern,2003-10-01,2005-06-01
9274666,Bro Erik,2005-06-01,2008-05-01
9274666,Furevik,2008-05-01,2022-10-01
9274666,KOCATEPE,2022-10-01,
9274800,Sparto,2004-07-01,2018-09-01
9274800,Seatrust,2018-09-01,2022-12-01
9274800,Prometheus,2022-12-01,2023-08-01
9274800,YANGTZE,2023-08-01,
9275402,Petali Lady,2004-03-01,2023-02-01
9275402,CHAI,2023-02-01,
9275658,Energy Commander,2004-04-01,2024-04-01
9275658,PURDUE STELLAR,2024-04-01,
9275763,Reinemar,2004-06-01,2005-06-01
9275763,Overseas Reinemar,2005-06-01,2009-06-01
9275763,Freight Margie,2009-06-01,2023-01-01
9275763,Beks Solar,2023-01-01,2024-03-01
9275763,Page,2024-03-01,2024-05-01
9275763,Beks Solar,2024-05-01,2024-07-01
9275763,PAGE,2024-07-01,
9275995,Northern Dawn,2003-10-01,2011-01-01
9275995,Northern Star,2011-01-01,2011-11-01
9275995,Phoenix Hill,2011-11-01,2023-09-01
9275995,OCEANIC II,2023-09-01,
9276028,PAMIR,2004-04-01,
9276030,ELBRUS,2004-05-01,
9277735,Torm Anna,2004-02-01,2011-01-01
9277735,Anna Victoria,2011-01-01,2014-02-01
9277735,Keros,2014-02-01,2020-05-01
9277735,Houston Star,2020-05-01,2022-12-01
9277735,BEKS AQUA,2022-12-01,
9277747,Nordvenus,2004-03-01,2011-04-01
9277747,Venus R,2011-04-01,2019-06-01
9277747,Nordvenus,2019-06-01,2021-02-01
9277747,Black Ocean,2021-02-01,2022-03-01
9277747,ELISE,2022-03-01,
9277759,Nordmars,2004-04-01,2011-03-01
9277759,N. Mars,2011-03-01,2019-04-01
9277759,Nordmars,2019-04-01,2021-01-01
9277759,Crystal 1,2021-01-01,2022-04-01
9277759,Lea,2022-04-01,2022-08-01
9277759,LEA I,2022-08-01,
9277761,Nordmerkur,2004-05-01,2011-04-01
9277761,Merkur O,2011-04-01,2019-05-01
9277761,Nordmerkur,2019-05-01,2022-01-01
9277761,SUPER EVER,2022-01-01,
9277773,Nordneptun,2004-04-01,2011-03-01
9277773,Neptun D,2011-03-01,2019-04-01
9277773,Nordneptun,2019-04-01,2023-01-01
9277773,Fair World,2023-01-01,2024-08-01
9277773,HAPPY CAMPER,2024-08-01,
9278064,Energy Protector,2004-06-01,2019-09-01
9278064,Mtm Hudson,2019-09-01,2023-06-01
9278064,SAGA,2023-06-01,
9278959,NIZHNIY NOVGOROD,2002-10-01,
9279719,Kudu,2004-01-01,2011-04-01
9279719,Avonden,2011-04-01,2013-01-01
9279719,Sea Helios,2013-01-01,2024-01-01
9279719,SUNRISE,2024-01-01,
9280586,Abram Schulte,2004-01-01,2015-06-01
9280586,Marylebone,2015-06-01,2017-08-01
9280586,Hampstead,2017-08-01,2022-08-01
9280586,Beks Ocean,2022-08-01,2024-03-01
9280586,Nile,2024-03-01,2024-05-01
9280586,BEKS OCEAN,2024-05-01,
9281011,Kilimanjaro Spirit,2004-08-01,2016-03-01
9281011,Blue Pride,2016-03-01,2022-08-01
9281011,ORIENTAL PEARL,2022-08-01,
9281425,Gulf Pearl,2005-04-01,2023-05-01
9281425,Beks Bebek,2023-05-01,2024-03-01
9281425,PALM,2024-03-01,
9281891,Stena Conductor,2003-09-01,2007-10-01
9281891,Diamond Champ,2007-10-01,2012-11-01
9281891,Baltic Sea,2012-11-01,2013-08-01
9281891,Amber Sun,2013-08-01,2020-11-01
9281891,MEROPE,2020-11-01,
9282041,Axel Spirit,2004-04-01,2022-04-01
9282041,Pintus,2022-04-01,2023-03-01
9282041,Monvos,2023-03-01,2024-05-01
9282041,ABHRA,2024-05-01,
9282479,British Mallard,2005-01-01,2018-10-01
9282479,Magnus,2018-10-01,2022-06-01
9282479,MINERVA M,2022-06-01,
9282481,British Gannet,2005-03-01,2018-12-01
9282481,Piper,2018-12-01,2022-12-01
9282481,Priapus,2022-12-01,2024-07-01
9282481,TAGOR,2024-07-01,
9282493,British Cormorant,2005-04-01,2018-11-01
9282493,Tartan,2018-11-01,2022-09-01
9282493,Vaigai,2022-09-01,2024-07-01
9282493,FIORA,2024-07-01,
9282522,High Power,2004-09-01,2019-10-01
9282522,Jal Sunayna,2019-10-01,2019-12-01
9282522,Brizo,2019-12-01,2020-08-01
9282522,Baxter,2020-08-01,2024-05-01
9282522,KUSH,2024-05-01,
9282986,Loire,2004-02-01,2008-01-01
9282986,Torm Loire,2008-01-01,2019-12-01
9282986,ATLANTICOS,2019-12-01,
9283241,Teide Spirit,2004-10-01,2018-02-01
9283241,Eurodignity,2018-02-01,2023-06-01
9283241,Dignity I,2023-06-01,2023-09-01
9283241,DIGNITY,2023-09-01,
9283289,Maersk Progress,2005-08-01,2020-10-01
9283289,Spectrum,2020-10-01,2022-01-01
9283289,THYA,2022-01-01,
9283291,Maersk Phoenix,2005-04-01,2020-06-01
9283291,Maza,2020-06-01,2022-07-01
9283291,Ruby Phoenix,2022-07-01,2023-07-01
9283291,TIBURON,2023-07-01,
9284116,SHAH ISMAYIL KHATAI,2005-10-01,
9284130,BABEK,2004-11-01,
9284582,Bunga Kelana 7,2002-01-01,2021-10-01
9284582,PANDA,2021-10-01,
9284594,Bunga Kelana 8,2002-01-01,2021-12-01
9284594,LEOPARD,2021-12-01,
9284726,Stavanger Eagle,2004-10-01,2016-06-01
9284726,Shandong Weihe,2016-06-01,2023-12-01
9284726,BONIFACY,2023-12-01,
9285835,Ganstar,2005-02-01,2005-05-01
9285835,Tanea,2005-05-01,2011-06-01
9285835,Telleviken,2011-06-01,2019-06-01
9285835,Dubai Harmony,2019-06-01,2021-03-01
9285835,Wonder Polaris,2021-03-01,2023-06-01
9285835,SEA FIDELITY,2023-06-01,
9285847,Gansky,2005-01-01,2005-07-01
9285847,Torinia,2005-07-01,2011-09-01
9285847,Tofteviken,2011-09-01,2019-05-01
9285847,Dubai Hope,2019-05-01,2021-03-01
9285847,Wonder Sirius,2021-03-01,2024-01-01
9285847,SIRIUS 1,2024-01-01,
9285859,Gansea,2005-09-01,2006-01-01
9285859,Trochus,2006-01-01,2012-03-01
9285859,Troviken,2012-03-01,2019-04-01
9285859,Dubai Horizon,2019-04-01,2021-05-01
9285859,Agneta Pallas,2021-05-01,2021-12-01
9285859,Wonder Bellatrix,2021-12-01,2023-06-01
9285859,EASTERN PEARL,2023-06-01,
9286023,Colin Jacob,2004-07-01,2005-05-01
9286023,Noemi,2005-05-01,2014-03-01
9286023,Meganisi,2014-03-01,2020-02-01
9286023,Karadeniz Powership Anatolia,2020-02-01,2022-10-01
9286023,Beks Wind,2022-10-01,2024-03-01
9286023,NEXT,2024-03-01,
9286657,South Sea,2005-10-01,2023-04-01
9286657,Dynamik Trader,2023-04-01,2024-09-01
9286657,LOKOSAO,2024-09-01,
9288356,Energy Champion,2005-09-01,2023-03-01
9288356,Beks Lily,2023-03-01,2024-03-01
9288356,ROCK,2024-03-01,
9288693,Delta Pioneer,2004-10-01,2023-01-01
9288693,ANDAMAN SKIES,2023-01-01,
9288708,Delta Victory,2005-01-01,2022-12-01
9288708,STRATOS AURORA,2022-12-01,
9288710,Delta Captain,2005-02-01,2022-12-01
9288710,KUDOS STARS,2022-12-01,
9288722,Delta Sailor,2005-03-01,2023-01-01
9288722,AZURE CELESTE,2023-01-01,
9288734,Seabravery,2005-01-01,2024-03-01
9288734,ARABESCA,2024-03-01,
9288746,Seaborn,2005-01-01,2022-12-01
9288746,MARATHON,2022-12-01,
9288851,Hs Tosca,2004-10-01,2018-12-01
9288851,Carlton,2018-12-01,2022-07-01
9288851,CARL,2022-07-01,
9288899,Toledo Spirit,2005-07-01,2019-01-01
9288899,Eurovoyager,2019-01-01,2023-03-01
9288899,Rocky Runner,2023-03-01,2024-08-01
9288899,LORENA GRAND,2024-08-01,
9288930,Garonne,2004-04-01,2008-01-01
9288930,Torm Garonne,2008-01-01,2020-01-01
9288930,PACIFICOS,2020-01-01,
9288980,SANKT-PETERBURG,2003-01-01,
9288992,SUZDAL,2003-01-01,
9289001,Rostov Velikiy,2003-07-01,2023-03-01
9289001,ROSTOVCHANIN,2023-03-01,
9289518,Western Baltic,2005-03-01,2006-05-01
9289518,Ajax,2006-05-01,2023-02-01
9289518,PHONIX WAY,2023-02-01,
9289520,Western Atlantic,2005-04-01,2006-05-01
9289520,Aris,2006-05-01,2023-01-01
9289520,Canis Power,2023-01-01,2024-08-01
9289520,N CERNA,2024-08-01,
9289532,Western Pacific,2005-05-01,2006-05-01
9289532,Apollon,2006-05-01,2023-02-01
9289532,LUPUS TWO,2023-02-01,
9289738,High Valor,2005-02-01,2021-12-01
9289738,Atoll,2021-12-01,2023-03-01
9289738,SAPPHO,2023-03-01,
9289752,Perseverance,2005-06-01,2014-01-01
9289752,River Shiner,2014-01-01,2023-03-01
9289752,ARIADNE,2023-03-01,
9289776,Affinity,2005-07-01,2014-01-01
9289776,Emerald Shiner,2014-01-01,2023-02-01
9289776,Gagan,2023-02-01,2023-02-01
9289776,Galatia,2023-02-01,2024-05-01
9289776,MAISAN,2024-05-01,
9290309,Pacific Alliance,2004-07-01,2013-04-01
9290309,Seagrace,2013-04-01,2022-10-01
9290309,THEA,2022-10-01,
9290335,Aegean Dignity,2004-10-01,2023-02-01
9290335,JUMBO,2023-02-01,
9290373,Besiktas Bosphorus,2005-05-01,2024-04-01
9290373,KONYA,2024-04-01,
9290517,Baltic Argonaut,2005-09-01,2005-11-01
9290517,Lisca Bianca M,2005-11-01,2023-02-01
9290517,HORAI,2023-02-01,
9290828,Scarlet Star,2005-01-01,2015-03-01
9290828,Byron,2015-03-01,2023-02-01
9290828,VOULA,2023-02-01,
9290921,Evros,2005-01-01,2022-01-01
9290921,Proodos,2022-01-01,2023-03-01
9290921,BEAST,2023-03-01,
9291250,Rainier Spirit,2005-08-01,2009-05-01
9291250,Almi Star,2009-05-01,2022-06-01
9291250,Beks Star,2022-06-01,2024-03-01
9291250,LINE,2024-03-01,
9291640,Western Arctic,2005-08-01,2006-04-01
9291640,Artemis,2006-04-01,2023-02-01
9291640,MANDO ONE,2023-02-01,
9292034,TOWER BRIDGE,2004-12-01,
9292046,TORGOVY BRIDGE,2005-09-01,
9292058,TEATRALNY BRIDGE,2006-05-01,
9292060,TAVRICHESKY BRIDGE,2006-10-01,
9292199,Besiktas Dardanelles,2005-07-01,2024-05-01
9292199,KAYSERI,2024-05-01,
9292204,Four Stream,2005-05-01,2005-06-01
9292204,Adygeya,2005-06-01,2024-08-01
9292204,ANDROMEDA,2024-08-01,
9292503,Helga Spirit,2005-01-01,2022-04-01
9292503,Panther I,2022-04-01,2024-03-01
9292503,BULL,2024-03-01,
9292577,Ocean Jupiter,2005-07-01,2005-08-01
9292577,Oriental Ruby,2005-08-01,2017-08-01
9292577,Kriti Emerald,2017-08-01,2023-06-01
9292577,RICCA,2023-06-01,
9292589,Ocean Neptune,2005-12-01,2021-07-01
9292589,Super Emerald,2021-07-01,2023-02-01
9292589,Beks Arda,2023-02-01,2024-03-01
9292589,TEAM,2024-03-01,
9292620,Western Antarctic,2005-08-01,2006-04-01
9292620,Afrodite,2006-04-01,2023-03-01
9292620,PAVO ROCK,2023-03-01,
9292838,Alnasl Star,2005-04-01,2014-10-01
9292838,Bahri Jasmine,2014-10-01,2023-05-01
9292838,Petronilla,2023-05-01,2024-07-01
9292838,LISTIGA,2024-07-01,
9292967,Western Icelandic,2005-11-01,2006-04-01
9292967,Ariadne,2006-04-01,2023-02-01
9292967,AQUILLA MAJOR,2023-02-01,
9293002,Primo Stealth,2005-01-01,2014-06-01
9293002,Signal Puma,2014-06-01,2020-08-01
9293002,S Puma,2020-08-01,2023-01-01
9293002,JAGUAR,2023-01-01,
9293117,SM Everest,2005-01-01,2005-04-01
9293117,Cape Bari,2005-04-01,2019-12-01
9293117,Bari,2019-12-01,2022-04-01
9293117,Leopard I,2022-04-01,2024-02-01
9293117,SUN,2024-02-01,
9293155,KWK Jade,2005-01-01,2005-01-01
9293155,Asian Jade,2005-01-01,2015-04-01
9293155,Davis Sea,2015-04-01,2021-05-01
9293155,Wonder Vega,2021-05-01,2023-12-01
9293155,JUNIA,2023-12-01,
9293337,Castillo De Trujillo,2004-07-01,2023-03-01
9293337,Nukar,2023-03-01,2023-12-01
9293337,SATURN A,2023-12-01,
9293959,Miss Claudia,2006-05-01,2022-09-01
9293959,Olympic Champion,2022-09-01,2023-01-01
9293959,FOTUO,2023-01-01,
9293997,Ray G,2006-01-01,2018-12-01
9293997,Astrea,2018-12-01,2022-09-01
9293997,Strea,2022-09-01,2024-03-01
9293997,KHALASI,2024-03-01,
9294123,Montenero,2006-01-01,2015-02-01
9294123,Prince I,2015-02-01,2023-03-01
9294123,Leonidas I,2023-03-01,2024-02-01
9294123,CHONGCHON,2024-02-01,
9296391,Ice Explorer,2006-09-01,2014-04-01
9296391,Ridgebury Mary Selena,2014-04-01,2022-10-01
9296391,Mike R,2022-10-01,2023-01-01
9296391,Jal Fighter,2023-01-01,2023-05-01
9296391,FIGHTER TWO,2023-05-01,
9296406,Ice Transporter,2006-10-01,2023-01-01
9296406,PAGOS,2023-01-01,
9296585,High Consensus,2005-02-01,2009-09-01
9296585,UACC Consensus,2009-09-01,2022-06-01
9296585,UOG Consensus,2022-06-01,2022-09-01
9296585,SENSUS,2022-09-01,
9296597,Challenge Premier,2005-08-01,2019-05-01
9296597,Odori,2019-05-01,2023-05-01
9296597,PROMETEI,2023-05-01,
9296810,Esteem Splendour,2005-01-01,2019-12-01
9296810,Luna Erawan,2019-12-01,2023-02-01
9296810,SERENDI,2023-02-01,
9296822,Angelica Schulte,2005-04-01,2022-06-01
9296822,SAGITTA,2022-06-01,
9297199,Armada Trader,2004-05-01,2021-06-01
9297199,ASLAN KHADARCEV,2021-06-01,
9297345,British Cygnet,2005-11-01,2018-10-01
9297345,Alba,2018-10-01,2022-11-01
9297345,URSUS MARITIMUS,2022-11-01,
9297357,British Kestrel,2006-02-01,2018-12-01
9297357,Androklis,2018-12-01,2020-02-01
9297357,Mandala,2020-02-01,2022-08-01
9297357,Bluesea,2022-08-01,2022-12-01
9297357,Hammurabi,2022-12-01,2024-08-01
9297357,ARJUN,2024-08-01,
9297371,British Eagle,2006-05-01,2018-12-01
9297371,Amore Mio,2018-12-01,2020-03-01
9297371,Godam,2020-03-01,2022-08-01
9297371,Parosea,2022-08-01,2022-11-01
9297371,SULEYMAN I,2022-11-01,
9297888,Seadancer,2006-01-01,2023-11-01
9297888,CORDELIA MOON,2023-11-01,
9298272,New Century,2005-01-01,2019-07-01
9298272,Chemtrans Oceanic,2019-07-01,2023-03-01
9298272,VALENTE,2023-03-01,
9298492,North Point,2005-05-01,2011-05-01
9298492,Northern Ocean,2011-05-01,2022-11-01
9298492,TOA PAYOH,2022-11-01,
9299123,Stena Paris,2005-12-01,2022-09-01
9299123,Tango A,2022-09-01,2022-11-01
9299123,SOFIA K,2022-11-01,
9299173,Besiktas Baltic,2004-01-01,2004-10-01
9299173,Guildo,2004-10-01,2013-08-01
9299173,Baltic Eagle,2013-08-01,2021-06-01
9299173,VELES,2021-06-01,
9299666,Eurochampion 2004,2005-04-01,2024-01-01
9299666,MIANZIMU,2024-01-01,
9299678,Euroniki,2005-09-01,2005-11-01
9299678,Euronike,2005-11-01,2024-05-01
9299678,PRISMA,2024-05-01,
9299692,NS CONCORD,2005-04-01,
9299719,NS Champion,2005-07-01,2024-06-01
9299719,KOTLAS,2024-06-01,
9299721,Ruwais,2006-01-01,2007-01-01
9299721,Amba Bhargavi,2007-01-01,2014-12-01
9299721,Ocean Mare,2014-12-01,2017-10-01
9299721,Oberon,2017-10-01,2022-09-01
9299721,CEPHEUS,2022-09-01,
9299733,Umlma,2006-01-01,2021-06-01
9299733,Antaios,2021-06-01,2023-03-01
9299733,ANTAEUS,2023-03-01,
9299745,Mesaieed,2006-05-01,2021-06-01
9299745,Argeus,2021-06-01,2023-02-01
9299745,Hs Arge,2023-02-01,2024-02-01
9299745,APUS,2024-02-01,
9299769,Aldana,2005-09-01,2006-10-01
9299769,Bareilly,2006-10-01,2021-12-01
9299769,S-Treasure,2021-12-01,2023-12-01
9299769,AQUATICA,2023-12-01,
9299862,Baltic Advance,2006-02-01,2022-11-01
9299862,Irbis,2022-11-01,2024-09-01
9299862,TENDUA,2024-09-01,
9299874,NCC Najd,2005-10-01,2023-11-01
9299874,Beks Rose,2023-11-01,2024-03-01
9299874,VIPER,2024-03-01,
9299886,NCC Hijaz,2005-10-01,2023-11-01
9299886,Beks Robin,2023-11-01,2024-03-01
9299886,WALL,2024-03-01,
9299898,Pelagos,2005-05-01,2020-10-01
9299898,Pelagos One,2020-10-01,2023-02-01
9299898,TURBO VOYAGER,2023-02-01,
9299903,Delta Blue,2005-04-01,2005-06-01
9299903,Deep Blue,2005-06-01,2024-03-01
9299903,DEYNA,2024-03-01,
9301380,PAVEL CHERNYSH,2005-10-01,
9301392,CAPTAIN KOSTICHEV,2005-10-01,
9301407,VIKTOR TITOV,2005-11-01,
9301419,YURI SENKEVICH,2005-11-01,
9301421,VICTOR KONETSKY,2005-12-01,
9301524,SKS Satilla,2006-07-01,2021-07-01
9301524,PALMER,2021-07-01,
9302126,Tevere,2005-01-01,2008-07-01
9302126,Torm Tevere,2008-07-01,2022-04-01
9302126,Esther,2022-04-01,2023-02-01
9302126,Olympic Glory,2023-02-01,2024-01-01
9302126,RAINBOW,2024-01-01,
9304356,Seapacis,2005-09-01,2020-07-01
9304356,Hera,2020-07-01,2022-08-01
9304356,Hera 1,2022-08-01,2024-08-01
9304356,JENO,2024-08-01,
9304629,Rio Genoa,2007-10-01,2014-04-01
9304629,Ridgebury Nicholas A,2014-04-01,2022-12-01
9304629,Raptor,2022-12-01,2024-03-01
9304629,CHENG HE,2024-03-01,
9304825,Seamaster,2006-05-01,2014-03-01
9304825,Seamaster Iv,2014-03-01,2022-12-01
9304825,THESEUS,2022-12-01,
9305568,SCF BALTICA,2005-12-01,
9305609,Proteas,2006-05-01,2022-04-01
9305609,Meline,2022-04-01,2023-11-01
9305609,CELINE,2023-11-01,
9306457,Neveska Lady,2005-06-01,2020-07-01
9306457,ANNABELLE,2020-07-01,
9306562,LMZ Afroditi,2005-06-01,2007-09-01
9306562,Dhonoussa,2007-09-01,2023-03-01
9306562,Beks Iron,2023-03-01,2024-03-01
9306562,PONE,2024-03-01,
9306627,Torm Margit,2007-04-01,2012-12-01
9306627,LR Aldebaran,2012-12-01,2017-11-01
9306627,Kudos,2017-11-01,2023-06-01
9306627,HUANG HE,2023-06-01,
9306782,NS Century,2006-06-01,2024-05-01
9306782,KARELIYA,2024-05-01,
9306794,NS Commander,2006-07-01,2024-08-01
9306794,CONSTELLATION,2024-08-01,
9307815,South Point,2005-12-01,2007-10-01
9307815,Arctic Bridge,2007-10-01,2018-07-01
9307815,Atlantica Bridge,2018-07-01,2023-01-01
9307815,ELECTRA,2023-01-01,
9308065,Storviken,2006-02-01,2022-08-01
9308065,Charvi,2022-08-01,2024-06-01
9308065,EVENTIN,2024-06-01,
9308077,Roviken,2006-04-01,2007-03-01
9308077,Navion Gothenburg,2007-03-01,2022-08-01
9308077,TYCHE 1,2022-08-01,
9308132,Ocean Venus,2006-11-01,2021-10-01
9308132,Beks Ebru,2021-10-01,2024-03-01
9308132,UNITE,2024-03-01,
9308170,OCEAN JUPITER,2007-12-01,
9308821,Corcovado,2005-01-01,2006-11-01
9308821,Zuma,2006-11-01,2024-05-01
9308821,BERRA,2024-05-01,
9308833,Lovina,2005-10-01,2024-04-01
9308833,KUSTO,2024-04-01,
9308857,Carmel,2006-04-01,2024-04-01
9308857,RYMO,2024-04-01,
9309576,NS SILVER,2005-06-01,
9309588,NS STELLA,2005-12-01,
9310525,Elia,2006-08-01,2015-11-01
9310525,Kythira Warrior,2015-11-01,2023-02-01
9310525,IONIA,2023-02-01,
9310707,Challenge Passage,2005-04-01,2023-02-01
9310707,Beks Bodrum,2023-02-01,2024-03-01
9310707,VAULT,2024-03-01,
9311531,Star Lady,2005-06-01,2014-09-01
9311531,Sulu Sea,2014-09-01,2021-06-01
9311531,Hao Yu,2021-06-01,2021-06-01
9311531,SL Success,2021-06-01,2022-12-01
9311531,LEFKADA,2022-12-01,
9311622,VLADIMIR TIKHONOV,2006-06-01,
9311751,Rhine,2006-02-01,2007-08-01
9311751,Ravi Spirit,2007-08-01,2008-10-01
9311751,Elbtank Italy,2008-10-01,2015-11-01
9311751,Maersk Arctic,2015-11-01,2022-05-01
9311751,Esen Ka,2022-05-01,2023-11-01
9311751,ANTIOCHIA KA,2023-11-01,
9312872,Cork Spirit,2007-05-01,2009-05-01
9312872,Almi Spirit,2009-05-01,2022-07-01
9312872,HUIHAI ATLANTIC,2022-07-01,
9312884,NS Columbus,2007-05-01,2024-04-01
9312884,KEMEROVO,2024-04-01,
9312896,NS Creation,2007-07-01,2024-04-01
9312896,KRASNOYARSK,2024-04-01,
9312913,Atlantas,2006-01-01,2006-04-01
9312913,British Ensign,2006-04-01,2016-09-01
9312913,Atlantas Ii,2016-09-01,2021-08-01
9312913,Seaways Chania,2021-08-01,2022-06-01
9312913,Chemtrans Uranus,2022-06-01,2023-10-01
9312913,COAST BUSTER,2023-10-01,
9313462,St. Johannis,2007-02-01,2017-05-01
9313462,Pti Rhine,2017-05-01,2021-12-01
9313462,Lila Rhine,2021-12-01,2023-05-01
9313462,Aruna Melahat,2023-05-01,2024-02-01
9313462,MELAHAT,2024-02-01,
9314088,Ruby Queen,2004-01-01,2004-10-01
9314088,Ruby River,2004-10-01,2012-09-01
9314088,Seachance,2012-09-01,2022-08-01
9314088,LYRA,2022-08-01,
9314105,Forward Pioneer,2005-01-01,2013-04-01
9314105,Al Muminah,2013-04-01,2015-02-01
9314105,Songa Coral,2015-02-01,2023-04-01
9314105,MAKALU,2023-04-01,
9314167,Omega Emmanuel,2007-03-01,2013-04-01
9314167,Juniper 3,2013-04-01,2013-08-01
9314167,La Boheme,2013-08-01,2023-02-01
9314167,AGNES,2023-02-01,
9314179,Omega Theodore,2007-04-01,2013-03-01
9314179,Juniper 4,2013-03-01,2013-08-01
9314179,Lorelei,2013-08-01,2023-04-01
9314179,LION S,2023-04-01,
9314727,ARMADA NAVIGATOR,2004-10-01,
9314818,Baltic Monarch,2006-07-01,2022-10-01
9314818,MONA,2022-10-01,
9314820,Baltic Mariner,2006-10-01,2014-10-01
9314820,Baltic Mariner I,2014-10-01,2023-11-01
9314820,OSCAR I,2023-11-01,
9314882,Antares,2006-05-01,2009-12-01
9314882,Amphitrite,2009-12-01,2023-02-01
9314882,MYSTRAS,2023-02-01,
9314894,Arion,2006-10-01,2023-02-01
9314894,MYTHOS,2023-02-01,
9315446,Maersk Pearl,2005-12-01,2020-12-01
9315446,Diamondback,2020-12-01,2022-08-01
9315446,Diamond,2022-08-01,2024-04-01
9315446,MUM,2024-04-01,
9315654,Sonangol Kassanje,2005-06-01,2023-07-01
9315654,Lila Orlando,2023-07-01,2023-09-01
9315654,KAPOK,2023-09-01,
9315745,Agisilaos,2006-08-01,2021-11-01
9315745,Seaways Cape Horn,2021-11-01,2022-05-01
9315745,Chemtrans Leo,2022-05-01,2023-11-01
9315745,MARQUISE,2023-11-01,
9315769,Aiolos,2004-07-01,2007-03-01
9315769,British Emissary,2007-03-01,2017-04-01
9315769,Aiolos,2017-04-01,2021-11-01
9315769,Chemtrans Mars,2021-11-01,2023-01-01
9315769,THE SAUCE,2023-01-01,
9316127,Aleksey Kosygin,2007-07-01,2023-06-01
9316127,SCF Vankor,2023-06-01,2024-09-01
9316127,VEGA,2024-09-01,
9317949,Polar Merchant,2007-03-01,2008-05-01
9317949,Seamagic,2008-05-01,2023-01-01
9317949,ARTEMIS,2023-01-01,
9318022,East Point,2006-02-01,2011-05-01
9318022,Northern Light,2011-05-01,2022-12-01
9318022,CHARMINAR,2022-12-01,
9318034,West Point,2006-03-01,2006-11-01
9318034,Arctic Bay,2006-11-01,2022-01-01
9318034,Atlantica Bell,2022-01-01,2022-12-01
9318034,OLIVE,2022-12-01,
9318539,Donat,2007-07-01,2023-08-01
9318539,SWIFTSEA RIDER,2023-08-01,
9318541,NS Stream,2006-05-01,2024-08-01
9318541,SERENADE,2024-08-01,
9318553,NS Spirit,2006-10-01,2024-08-01
9318553,SAGA,2024-08-01,
9319674,Maersk Penguin,2007-08-01,2022-09-01
9319674,Buena Vista,2022-09-01,2023-05-01
9319674,EASTERN GLORY,2023-05-01,
9319686,Maersk Pelican,2008-01-01,2020-12-01
9319686,Timberwolf,2020-12-01,2022-09-01
9319686,Epanastasea,2022-09-01,2023-08-01
9319686,NEMO 1,2023-08-01,
9319703,Torm Marianne,2008-05-01,2011-11-01
9319703,Maersk Piper,2011-11-01,2021-01-01
9319703,Lionheart,2021-01-01,2022-09-01
9319703,GREAT JACOMBO,2022-09-01,
9319870,Nordbay,2007-03-01,2023-03-01
9319870,THALASSA,2023-03-01,
9319882,Isis,2007-07-01,2016-09-01
9319882,Houston Star,2016-09-01,2022-12-01
9319882,ATALANTA,2022-12-01,
9321172,Breezy Victoria,2007-02-01,2019-09-01
9321172,Velos Ruby,2019-09-01,2024-03-01
9321172,SEA OWL I,2024-03-01,
9321689,Solviken,2007-01-01,2022-11-01
9321689,Agneta Pallas 2,2022-11-01,2023-06-01
9321689,OCEAN FAYE,2023-06-01,
9321691,Cap Guillaume,2006-08-01,2022-11-01
9321691,SAI BABA,2022-11-01,
9321706,Cap Charles,2006-09-01,2023-02-01
9321706,MERCURY,2023-02-01,
9321847,Forward Venture,2006-10-01,2014-05-01
9321847,Aries Sun,2014-05-01,2022-05-01
9321847,EMILY S,2022-05-01,
9321976,Mitera Marigo,2007-01-01,2022-05-01
9321976,HEIDI A,2022-05-01,
9322827,Four Antarctica,2006-05-01,2006-05-01
9322827,Stena Antarctica,2006-05-01,2014-12-01
9322827,Minerva Antarctica,2014-12-01,2020-01-01
9322827,Antarctica,2020-01-01,2021-06-01
9322827,Imperia,2021-06-01,2022-10-01
9322827,Peria,2022-10-01,2024-03-01
9322827,PICTOR,2024-03-01,
9322839,Stena Atlantica,2006-11-01,2006-11-01
9322839,Four Atlantica,2006-11-01,2015-05-01
9322839,Minerva Atlantica,2015-05-01,2020-10-01
9322839,Sunny Atlantica,2020-10-01,2021-10-01
9322839,Beks Atlantica,2021-10-01,2022-11-01
9322839,Hs Atlantica,2022-11-01,2024-04-01
9322839,AVRIL,2024-04-01,
9322956,NS PRIDE,2006-04-01,
9322968,NS POWER,2006-09-01,
9323314,Ance,2006-07-01,2022-07-01
9323314,Ane,2022-07-01,2024-03-01
9323314,ADITYA,2024-03-01,
9323326,Jurkalne,2006-09-01,2022-07-01
9323326,Kalne,2022-07-01,2023-10-01
9323326,Kastrol,2023-10-01,2024-02-01
9323326,KATY,2024-02-01,
9323338,Puze,2006-12-01,2022-07-01
9323338,Uze,2022-07-01,2024-02-01
9323338,BETTLE,2024-02-01,
9323340,Targale,2007-03-01,2023-07-01
9323340,TRANQUIL SEA,2023-07-01,
9323352,Ugale,2007-06-01,2023-08-01
9323352,NARI STRENGTH,2023-08-01,
9323364,Usma,2007-07-01,2023-07-01
9323364,SINAR G,2023-07-01,
9323376,Piltene,2007-10-01,2023-08-01
9323376,MARABELLA SUN,2023-08-01,
9323986,River Pride,2007-03-01,2015-05-01
9323986,Minerva Indiana,2015-05-01,2021-08-01
9323986,Beks Indiana,2021-08-01,2023-03-01
9323986,Alicia,2023-03-01,2024-03-01
9323986,GARASAN,2024-03-01,
9326718,SKS Segura,2007-09-01,2021-04-01
9326718,Caro,2021-04-01,2024-07-01
9326718,FULGER,2024-07-01,
9326720,SKS Spey,2007-11-01,2021-08-01
9326720,Gracy,2021-08-01,2023-05-01
9326720,HERA,2023-05-01,
9326861,Marilee,2006-09-01,2021-07-01
9326861,Lila Gothenburg,2021-07-01,2022-12-01
9326861,DUKE OF PEACE,2022-12-01,
9326885,Marietta,2007-09-01,2008-02-01
9326885,Mari Ugland,2008-02-01,2021-09-01
9326885,Sunny Lynx,2021-09-01,2021-12-01
9326885,George B,2021-12-01,2022-09-01
9326885,ANAYA,2022-09-01,
9327360,Baltic Faith,2006-01-01,2017-06-01
9327360,Advantage Party,2017-06-01,2023-10-01
9327360,CARIA KA,2023-10-01,
9327372,Baltic Favour,2006-02-01,2022-09-01
9327372,Grace Glaciesruptor,2022-09-01,2023-02-01
9327372,Zelda,2023-02-01,2024-09-01
9327372,TYAGARAJA,2024-09-01,
9327384,Baltic Force,2006-06-01,2017-06-01
9327384,Advantage Point,2017-06-01,2023-03-01
9327384,LYCIA KA,2023-03-01,
9327413,Aristidis,2006-01-01,2023-01-01
9327413,ARISTO,2023-01-01,
9327437,Alkiviadis,2006-03-01,2021-08-01
9327437,Seaways Ambrose,2021-08-01,2022-05-01
9327437,Chemtrans Mercury,2022-05-01,2023-11-01
9327437,ASTON MARINE,2023-11-01,
9327449,Assos,2006-05-01,2009-05-01
9327449,Insurgentes,2009-05-01,2014-04-01
9327449,Assos,2014-04-01,2021-08-01
9327449,Ridgebury Galileo,2021-08-01,2023-07-01
9327449,FAIR WONDER,2023-07-01,
9328132,Gotland Carolina,2006-12-01,2022-10-01
9328132,Chemtrans Carolina,2022-10-01,2024-01-01
9328132,SINO PROSPERITY,2024-01-01,
9329655,NS POINT,2008-08-01,
9329667,NS PARADE,2008-11-01,
9329758,Fr8 Venture,2006-02-01,2015-04-01
9329758,Norstar Integrity,2015-04-01,2023-08-01
9329758,TROY,2023-08-01,
9330472,Izumo Princess,2007-03-01,2024-04-01
9330472,THORIN,2024-04-01,
9331141,Spike,2006-07-01,2009-01-01
9331141,Samraa Alkhaleej,2009-01-01,2022-12-01
9331141,VELA RAIN,2022-12-01,
9331153,Show,2007-03-01,2009-01-01
9331153,Alhani,2009-01-01,2023-01-01
9331153,GALIAN 2,2023-01-01,
9332028,Atlantic Blue,2007-07-01,2018-01-01
9332028,JO Kari,2018-01-01,2023-04-01
9332028,Aruna Zehra,2023-04-01,2024-02-01
9332028,ZEHRA,2024-02-01,
9332614,Marika,2008-07-01,2021-08-01
9332614,Sunny Leopard,2021-08-01,2021-11-01
9332614,Arctic Char,2021-11-01,2022-09-01
9332614,Srini,2022-09-01,2024-09-01
9332614,BELLARIS,2024-09-01,
9332638,W-O Salute,2008-11-01,2009-04-01
9332638,Arctic Flounder,2009-04-01,2022-10-01
9332638,CHRYSTAL ICE,2022-10-01,
9332640,W-O Skol,2009-04-01,2010-01-01
9332640,Arctic Char,2010-01-01,2015-02-01
9332640,Hafnia Arctic,2015-02-01,2023-02-01
9332640,CHRYSTAL ARCTIC,2023-02-01,
9332781,Forward Flair,2006-12-01,2014-06-01
9332781,Mars Sun,2014-06-01,2023-09-01
9332781,PANTA REI 1,2023-09-01,
9332810,Pacific Apollo,2007-03-01,2013-12-01
9332810,Virgo Sun,2013-12-01,2020-01-01
9332810,P. Fos,2020-01-01,2022-12-01
9332810,ODYSSEUS,2022-12-01,
9332822,Pacific Brave,2007-05-01,2013-12-01
9332822,Taurus Sun,2013-12-01,2022-04-01
9332822,Nicholas,2022-04-01,2022-08-01
9332822,NICHOLE,2022-08-01,
9332834,Forward Bright,2007-06-01,2014-06-01
9332834,Jupiter Sun,2014-06-01,2023-01-01
9332834,WISDOMS DAUGHTER,2023-01-01,
9333400,SCF NEVA,2006-10-01,
9333412,SCF YENISEI,2007-11-01,
9333424,SCF Pechora,2007-11-01,2024-08-01
9333424,PHOENIX,2024-08-01,
9333436,SCF Amur,2007-12-01,2024-08-01
9333436,SUCCESS,2024-08-01,
9334296,Commagenian,2005-01-01,2006-08-01
9334296,Frosta,2006-08-01,2014-08-01
9334296,Northsea Rational,2014-08-01,2022-11-01
9334296,Northsea I,2022-11-01,2024-02-01
9334296,NEMBUS,2024-02-01,
9334557,Sanko Harmony,2007-10-01,2010-06-01
9334557,STI Harmony,2010-06-01,2015-04-01
9334557,Polar Cod,2015-04-01,2022-02-01
9334557,Megali,2022-02-01,2023-02-01
9334557,LYDIA,2023-02-01,
9334569,Sanko Heritage,2008-01-01,2010-06-01
9334569,STI Heritage,2010-06-01,2015-04-01
9334569,Polar Unicorn,2015-04-01,2022-11-01
9334569,CHRYSTAL SKY,2022-11-01,
9334789,Jag Panna,2007-01-01,2009-07-01
9334789,Panna,2009-07-01,2010-08-01
9334789,STI Highlander,2010-08-01,2015-10-01
9334789,Nord Highlander,2015-10-01,2021-12-01
9334789,Mavrouda,2021-12-01,2023-01-01
9334789,The Loop,2023-01-01,2024-08-01
9334789,HORIZZON,2024-08-01,
9335094,Gulf Esprit,2006-11-01,2024-05-01
9335094,WUDI,2024-05-01,
9336426,SPT Crusader,2007-10-01,2014-01-01
9336426,Bergitta,2014-01-01,2022-03-01
9336426,Sifis,2022-03-01,2022-12-01
9336426,NAXOS,2022-12-01,
9336517,Classy Victoria,2007-02-01,2017-01-01
9336517,Lake Sturgeon,2017-01-01,2023-06-01
9336517,Stellaris,2023-06-01,2024-03-01
9336517,URIEL,2024-03-01,
9337327,Fr8 Spirit,2006-12-01,2007-09-01
9337327,Navig8 Spirit,2007-09-01,2016-10-01
9337327,T Rex,2016-10-01,2023-01-01
9337327,Beks T Rex,2023-01-01,2024-03-01
9337327,JAZZ,2024-03-01,
9337389,Stavanger Blossom,2007-02-01,2021-06-01
9337389,Glaucus,2021-06-01,2024-05-01
9337389,AGNI,2024-05-01,
9337901,Esteem Brilliance,2006-11-01,2021-02-01
9337901,Kriti Galaxy,2021-02-01,2023-01-01
9337901,GOLDEN MILE,2023-01-01,
9338905,Aegean Power,2007-04-01,2023-12-01
9338905,SHAANXI,2023-12-01,
9339301,NS LEADER,2007-05-01,
9339313,NS Lion,2007-07-01,2024-05-01
9339313,LADOGA,2024-05-01,
9339325,NS Laguna,2007-10-01,2024-07-01
9339325,LIBERTY,2024-07-01,
9339337,NS Lotus,2008-01-01,2024-08-01
9339337,LEGACY,2024-08-01,
9341067,NS Captain,2006-01-01,2024-04-01
9341067,KALININGRAD,2024-04-01,
9341079,NS CORONA,2006-02-01,
9341081,NS CLIPPER,2006-03-01,
9341093,NS Consul,2006-05-01,2024-06-01
9341093,KOLOMNA,2024-06-01,
9342657,Armada Spirit,2005-01-01,2005-01-01
9342657,DAHI BYULBYUL,2005-01-01,
9344033,TVERSKOY BRIDGE,2007-08-01,
9344100,Chang Hang Fen Jin,2007-01-01,2007-04-01
9344100,Formosa Sixteen,2007-04-01,2019-01-01
9344100,Ocean III,2019-01-01,2023-04-01
9344100,ELIJAH,2023-04-01,
9345623,Champion Pleasure,2008-01-01,2021-08-01
9345623,Apostolos Ii,2021-08-01,2023-03-01
9345623,Morea,2023-03-01,2024-01-01
9345623,TARANG,2024-01-01,
9346720,Aegean Blue,2007-11-01,2019-12-01
9346720,Dakota Strength,2019-12-01,2023-06-01
9346720,KIRA K,2023-06-01,2023-06-01
9346720,Shanghai,2023-06-01,
9346732,Aqua,2007-04-01,2013-07-01
9346732,Fsl Hong Kong,2013-07-01,2022-06-01
9346732,HUIHAI PACIFIC,2022-06-01,
9346744,Action,2007-11-01,2013-07-01
9346744,Fsl Shanghai,2013-07-01,2020-03-01
9346744,P. Kikuma,2020-03-01,2023-12-01
9346744,MA JIN,2023-12-01,
9346873,Mare Oriens,2008-09-01,2024-01-01
9346873,AQUARIUS II,2024-01-01,
9347231,KOROGLU,2006-07-01,
9347243,DEDE GORGUD,2006-10-01,
9347308,CPO France,2008-04-01,2019-04-01
9347308,Huey,2019-04-01,2023-06-01
9347308,AURA MARIS,2023-06-01,
9348479,Aegean Myth,2006-08-01,2023-12-01
9348479,LUCKY FAIRY,2023-12-01,
9350654,Bai Lu Zhou,2007-06-01,2021-08-01
9350654,Clivia,2021-08-01,2023-04-01
9350654,SURREY QUAYS,2023-04-01,
9350850,Ice Point,2006-04-01,2006-06-01
9350850,Arctic Breeze,2006-06-01,2022-05-01
9350850,Pelagic Taimen,2022-05-01,2024-01-01
9350850,SINO SOURCE,2024-01-01,
9352195,Jag Payal,2007-03-01,2009-05-01
9352195,Payal,2009-05-01,2011-01-01
9352195,Nord Hummock,2011-01-01,2021-06-01
9352195,Lugano,2021-06-01,2022-11-01
9352195,LAGOON,2022-11-01,
9353096,Cpo Germany,2008-07-01,2019-03-01
9353096,Dewey,2019-03-01,2023-01-01
9353096,ZEYNEP,2023-01-01,
9353113,CPO Norway,2008-09-01,2019-03-01
9353113,Louie,2019-03-01,2023-01-01
9353113,Hana,2023-01-01,2024-07-01
9353113,KAVYA,2024-07-01,
9353125,Cpo Russia,2008-09-01,2019-03-01
9353125,Donald,2019-03-01,2023-01-01
9353125,NARGIS,2023-01-01,
9354301,ZALIV AMERIKA,2008-01-01,
9354313,ZALIV AMURSKIY,2008-07-01,
9354521,Orient Sunshine,2008-10-01,2017-11-01
9354521,Aramis,2017-11-01,2019-02-01
9354521,ANHONA,2019-02-01,
9354636,Chingiz Mustafayev,2005-09-01,2021-08-01
9354636,FLURA,2021-08-01,
9356610,BRO Alma,2008-07-01,2021-06-01
9356610,ALEXANDER NEVSKIY,2021-06-01,
9356751,Ocean Globe,2007-01-01,2022-01-01
9356751,Beks Fenix,2022-01-01,2024-03-01
9356751,Tuna,2024-03-01,2024-08-01
9356751,SEA RAPTOR,2024-08-01,
9359387,Stolt Pluto,2010-07-01,2010-08-01
9359387,Stolt Gulf Mishref,2010-08-01,2017-10-01
9359387,Gulf Mishref,2017-10-01,2023-05-01
9359387,ALBATROSS 1,2023-05-01,
9360128,ZALIV BAIKAL,2009-01-01,
9360130,ZALIV VOSTOK,2009-01-01,
9360415,Mount Hope,2007-01-01,2014-07-01
9360415,Hafnia Hope,2014-07-01,2022-01-01
9360415,Aida,2022-01-01,2023-02-01
9360415,Kallos,2023-02-01,2024-08-01
9360415,INDUS 1,2024-08-01,
9368223,Ocean Queen,2008-03-01,2021-05-01
9368223,Gullit,2021-05-01,2023-02-01
9368223,ACHILLES,2023-02-01,
9374844,King David,2007-03-01,2008-04-01
9374844,King Dorian,2008-04-01,2017-09-01
9374844,Norstar Invictus,2017-09-01,2023-09-01
9374844,AGILE,2023-09-01,
9374868,Ocean Crown,2007-07-01,2021-09-01
9374868,Masteri,2021-09-01,2021-10-01
9374868,ELEPHANT,2021-10-01,
9375575,Gotland Marieann,2008-08-01,2022-11-01
9375575,New Jupiter,2022-11-01,2023-07-01
9375575,SINO FAITH,2023-07-01,
9377042,Baku,2006-05-01,2008-11-01
9377042,ARMADA EXPLORER,2008-11-01,
9378618,Lr2 Pioneer,2008-08-01,2021-07-01
9378618,Pioneer Bay,2021-07-01,2023-07-01
9378618,SI HE,2023-07-01,
9378620,Lr2 Polaris,2008-11-01,2021-08-01
9378620,Polaris Bay,2021-08-01,2023-01-01
9378620,VARVARA,2023-01-01,
9378632,Lr2 Poseidon,2009-02-01,2021-08-01
9378632,Poseidon Bay,2021-08-01,2023-07-01
9378632,PING AN,2023-07-01,
9379052,OCEAN AUTUMN,2009-06-01,
9380673,Nippon Princess,2008-11-01,2024-05-01
9380673,CENTURION,2024-05-01,
9381732,Alburaq,2008-10-01,2022-11-01
9381732,Hs Buraq,2022-11-01,2024-08-01
9381732,AUGA,2024-08-01,
9381744,Sea Legend,2008-12-01,2022-11-01
9381744,HS LEGEND,2022-11-01,
9382073,Challenge Point,2008-04-01,2019-01-01
9382073,Starman,2019-01-01,2022-12-01
9382073,ANTARES I,2022-12-01,
9382712,Seto Express,2007-01-01,2021-05-01
9382712,Black Swan,2021-05-01,2022-10-01
9382712,Swan,2022-10-01,2024-02-01
9382712,DENVER,2024-02-01,
9382798,Transsib Bridge,2008-04-01,2024-09-01
9382798,TRUST,2024-09-01,
9383950,Champion Prosperity,2009-07-01,2021-09-01
9383950,Star Prosperity,2021-09-01,2023-05-01
9383950,ELEGANCE,2023-05-01,
9384095,Meriom Ruby,2008-06-01,2008-08-01
9384095,Mare Baltic,2008-08-01,2017-07-01
9384095,Jemma,2017-07-01,2023-03-01
9384095,RAGNAR,2023-03-01,
9384306,Prisco Irina,2009-03-01,2016-08-01
9384306,SCF USSURI,2016-08-01,
9384459,Rn Privodino,2010-03-01,2024-05-01
9384459,JI XIANG,2024-05-01,
9385142,Prisco Elizaveta,2009-04-01,2016-08-01
9385142,SCF DON,2016-08-01,
9386536,Cape Alba,2008-09-01,2009-01-01
9386536,Stealth Haralambos,2009-01-01,2014-01-01
9386536,Seadelta,2014-01-01,2020-11-01
9386536,Stealth Haralambos,2020-11-01,2024-02-01
9386536,Gstaad Grace Ii,2024-02-01,2024-04-01
9386536,SPRING FORTUNE,2024-04-01,
9387255,Eagle Sapporo,2008-12-01,2021-06-01
9387255,Centennial Sapporo,2021-06-01,2023-10-01
9387255,Beks Daisy,2023-10-01,2024-03-01
9387255,MAIN,2024-03-01,
9387279,Energy Progress,2008-07-01,2022-11-01
9387279,Lhotse,2022-11-01,2024-05-01
9387279,ETHERA,2024-05-01,
9388730,Ocean Lady,2008-02-01,2024-05-01
9388730,SAVIR TIGER,2024-05-01,
9388742,Ocean Odyssey,2008-08-01,2020-10-01
9388742,Thunderbolt,2020-10-01,2022-08-01
9388742,Minoansea,2022-08-01,2022-12-01
9388742,HECTOR,2022-12-01,
9388754,Ocean Trader,2008-07-01,2020-12-01
9388754,Ocean Avra,2020-12-01,2023-06-01
9388754,WEI FENG,2023-06-01,
9388766,Ocean Quest,2008-08-01,2021-02-01
9388766,Ampleforth,2021-02-01,2023-07-01
9388766,DESTAN,2023-07-01,
9388780,Ocean Unicorn,2009-05-01,2021-01-01
9388780,Wellington,2021-01-01,2023-08-01
9388780,KHALISSA,2023-08-01,
9388792,Ocean Explorer,2009-01-01,2019-03-01
9388792,Ocean Vela,2019-03-01,2021-12-01
9388792,Beks Swan,2021-12-01,2024-03-01
9388792,MARCH,2024-03-01,
9389679,Overseas Acadia,2008-09-01,2014-08-01
9389679,Acadia,2014-08-01,2015-08-01
9389679,Ace,2015-08-01,2023-06-01
9389679,LIETO,2023-06-01,
9390587,Phoenix Hope,2008-11-01,2022-06-01
9390587,Keros Voyager,2022-06-01,2023-03-01
9390587,ONEIROI,2023-03-01,
9392822,Sentosa River,2008-10-01,2018-07-01
9392822,Berica,2018-07-01,2023-07-01
9392822,HIMALAYAN,2023-07-01,
9393668,Anuket Ruby,2008-06-01,2023-05-01
9393668,WALER,2023-05-01,
9394935,Overseas Everglades,2008-12-01,2013-02-01
9394935,Everglades,2013-02-01,2023-07-01
9394935,OCEAN AMZ,2023-07-01,
9395379,Blue Jasper,2008-02-01,2011-07-01
9395379,Asian Jasper,2011-07-01,2015-06-01
9395379,Koro Sea,2015-06-01,2024-02-01
9395379,PACIFIC 01,2024-02-01,
9396672,Starling,2008-10-01,2013-07-01
9396672,Pike,2013-07-01,2023-04-01
9396672,FAIR STAR,2023-04-01,
9396775,Fyla,2009-01-01,2009-03-01
9396775,Navig8 Loucas,2009-03-01,2014-06-01
9396775,Pyxis Loucas,2014-06-01,2017-01-01
9396775,Sunny Isles,2017-01-01,2023-02-01
9396775,Elafonisos Bay,2023-02-01,2023-12-01
9396775,ELEGANT GRACE,2023-12-01,
9397535,Prisco Elena,2009-05-01,2016-09-01
9397535,SCF IRTYSH,2016-09-01,
9397547,Prisco Alexandra,2008-11-01,2016-09-01
9397547,SCF ANADYR,2016-09-01,
9397559,Prisco Ekaterina,2008-12-01,2016-09-01
9397559,SCF ANGARA,2016-09-01,
9397676,Mahmud Afandi,2006-10-01,2014-09-01
9397676,NASIMI,2014-09-01,
9402469,Dubai Princess,2009-01-01,2010-10-01
9402469,Brightoil Lucky,2010-10-01,2019-10-01
9402469,Anavatos,2019-10-01,2019-11-01
9402469,Anavatos II,2019-11-01,2024-01-01
9402469,Taurus II,2024-01-01,2024-02-01
9402469,Huang Pu,2024-02-01,2024-06-01
9402469,FREDA,2024-06-01,
9402471,Dubai Paradise,2009-03-01,2010-10-01
9402471,Brightoil League,2010-10-01,2019-10-01
9402471,Fulmar,2019-10-01,2023-11-01
9402471,ANDROMEDA STAR,2023-11-01,
9404948,Pro Triumph,2009-01-01,2023-09-01
9404948,BAMBU,2023-09-01,
9405057,Fair Seas,2008-07-01,2024-01-01
9405057,TAI SHAN,2024-01-01,
9408205,Front Njord,2010-08-01,2023-06-01
9408205,FAST KATHY,2023-06-01,
9408695,Seasalvia,2009-07-01,2009-07-01
9408695,Roxen Star,2009-07-01,2015-03-01
9408695,Front Balder,2015-03-01,2023-02-01
9408695,BAY GLOBAL,2023-02-01,
9409467,Holy Victoria,2008-10-01,2015-01-01
9409467,Bowfin,2015-01-01,2023-05-01
9409467,Sharkfin,2023-05-01,2024-02-01
9409467,PRAVASI,2024-02-01,
9410870,Pacific Spirit,2008-10-01,2010-12-01
9410870,Mucua,2010-12-01,2019-10-01
9410870,Celsius Everett,2019-10-01,2022-11-01
9410870,HS EVERETT,2022-11-01,
9410894,Southern Spirit,2009-10-01,2019-05-01
9410894,Celsius Esbjerg,2019-05-01,2022-10-01
9410894,Hs Esberg,2022-10-01,2024-09-01
9410894,VALOUR,2024-09-01,
9411020,NS Burgas,2009-10-01,2024-05-01
9411020,BRATSK,2024-05-01,
9411331,George S.,2009-07-01,2023-02-01
9411331,CANKIRI,2023-02-01,
9412335,NS BORA,2010-03-01,
9412347,LEONID LOZA,2011-01-01,
9412359,NS Bravo,2010-10-01,2024-04-01
9412359,BELGOROD,2024-04-01,
9412995,Eagle Stavanger,2009-01-01,2018-12-01
9412995,Stavanger Eagle,2018-12-01,2021-03-01
9412995,Prosperous,2021-03-01,2022-08-01
9412995,Osperous,2022-08-01,2024-04-01
9412995,KRUGER,2024-04-01,
9413547,NS ARCTIC,2009-05-01,
9413559,NS Antarctic,2009-06-01,2024-04-01
9413559,ANTARKTIKA,2024-04-01,
9413561,NS Asia,2009-07-01,2024-09-01
9413561,ALLIANCE,2024-09-01,
9413573,NS Africa,2009-09-01,2024-07-01
9413573,ATLAS,2024-07-01,
9416422,Crude Gamma,2009-05-01,2009-09-01
9416422,Wilsky,2009-09-01,2014-01-01
9416422,Ridgebury John Zipser,2014-01-01,2023-06-01
9416422,OCEAN THUNDER,2023-06-01,
9417464,Aspasia Lemos,2009-04-01,2021-10-01
9417464,Argo,2021-10-01,2022-12-01
9417464,Aion,2022-12-01,2024-03-01
9417464,NESTOS,2024-03-01,
9418482,Zaliv Anadyr,2009-05-01,2013-04-01
9418482,Stride,2013-04-01,2022-09-01
9418482,Ride,2022-09-01,2024-02-01
9418482,CETUS,2024-02-01,
9418494,ZALIV ANIVA,2009-06-01,
9419137,United Grace,2010-06-01,2018-07-01
9419137,Gstaad Grace,2018-07-01,2023-03-01
9419137,SIVAS,2023-03-01,
9419448,Target,2009-11-01,2015-04-01
9419448,Advantage Arrow,2015-04-01,2022-01-01
9419448,Amax Arrow,2022-01-01,2024-05-01
9419448,HENG TAI,2024-05-01,
9419723,Blue Emerald,2009-01-01,2011-06-01
9419723,Anja Kirk,2011-06-01,2018-07-01
9419723,Nord Skate,2018-07-01,2023-04-01
9419723,FAIR BREEZE,2023-04-01,
9420617,Solea,2009-03-01,2010-07-01
9420617,Shah Deniz,2010-07-01,2018-12-01
9420617,Zarifa Aliyeva,2018-12-01,2021-11-01
9420617,Silver,2021-11-01,2023-11-01
9420617,ZANGAZUR,2023-11-01,
9421960,SCF Primorye,2009-09-01,2024-09-01
9421960,PRIMORYE,2024-09-01,
9421972,SCF Sakhalin,2010-01-01,2010-02-01
9421972,SCF SAMOTLOR,2010-02-01,
9422445,SCF SURGUT,2009-12-01,
9422457,SCF BAIKAL,2010-03-01,2010-03-01
9422457,SCF Vankor,2010-03-01,
9422988,Al Khalidia,2009-10-01,2020-08-01
9422988,Victory 1,2020-08-01,2021-04-01
9422988,Mare,2021-04-01,2021-11-01
9422988,Okeanos,2021-11-01,2022-01-01
9422988,Super Sapphire,2022-01-01,2022-08-01
9422988,VOLANS,2022-08-01,
9423736,Cenito,2009-11-01,2017-12-01
9423736,Sunny Hill,2017-12-01,2022-11-01
9423736,FIDAN,2022-11-01,
9424651,High Strength,2009-10-01,2019-04-01
9424651,Di Matteo,2019-04-01,2023-08-01
9424651,MANTA,2023-08-01,
9428358,Banksy,2009-03-01,2009-03-01
9428358,Ionian Wave,2009-03-01,2011-04-01
9428358,Uacc Sila,2011-04-01,2022-06-01
9428358,Uog Andros,2022-06-01,2023-03-01
9428358,MASTIC,2023-03-01,
9434890,Adele Marina Rizzo,2010-03-01,2020-01-01
9434890,Ps Pisa,2020-01-01,2023-05-01
9434890,NAUTILUS,2023-05-01,
9435337,Kura River,2008-05-01,2021-07-01
9435337,AKHTY,2021-07-01,
9435349,Nasiba Zeynalova,2008-08-01,2021-05-01
9435349,DON RIVER,2021-05-01,
9435351,Bashir Safaroglu,2008-09-01,2008-09-01
9435351,Terter River,2008-09-01,2021-07-01
9435351,OB RIVER,2021-07-01,
9435363,Araz River,2008-12-01,2021-06-01
9435363,VOLGA RIVER,2021-06-01,
9435375,Vilesh River,2009-05-01,2021-06-01
9435375,IRTYSH RIVER,2021-06-01,
9436006,Cape Anglia,2009-01-01,2009-05-01
9436006,Ghibli,2009-05-01,2009-05-01
9436006,Stealth Chios,2009-05-01,2014-04-01
9436006,Signal Cheetah,2014-04-01,2021-02-01
9436006,Stealth Chios,2021-02-01,2021-04-01
9436006,Paramount,2021-04-01,2023-03-01
9436006,SAMSUN,2023-03-01,
9436018,V8 Stealth,2009-11-01,2009-11-01
9436018,Cape Antigua,2009-11-01,2016-12-01
9436018,Iridescent,2016-12-01,2023-11-01
9436018,Afragold,2023-11-01,2024-04-01
9436018,HUIHAI INDIANOCEAN,2024-04-01,
9436941,Stavanger Bell,2010-03-01,2013-10-01
9436941,Syra,2013-10-01,2023-01-01
9436941,ATTICA,2023-01-01,
9439400,Totonno Bottiglieri,2010-08-01,2020-02-01
9439400,Ps Venezia,2020-02-01,2023-10-01
9439400,CASPER,2023-10-01,
9441958,Neta,2008-05-01,2008-07-01
9441958,Pan Adventure,2008-07-01,2014-05-01
9441958,Bomar Haumea,2014-05-01,2022-10-01
9441958,Marmea,2022-10-01,2024-02-01
9441958,MARKAB,2024-02-01,
9449649,GLORIWIND,2007-12-01,
9449651,GLORISTAR,2008-05-01,
9457804,Eagle Hazar,2009-11-01,2010-05-01
9457804,Aet Hazar,2010-05-01,2010-05-01
9457804,AET Gala,2010-05-01,2012-06-01
9457804,SANAR-3,2012-06-01,
9493377,Kemal Ka,2008-07-01,2023-11-01
9493377,THRACIA KA,2023-11-01,
9498171,Zengezur,2008-10-01,2024-07-01
9498171,ZAGATALA,2024-07-01,
9511387,OLYMPIYSKY PROSPECT,2010-07-01,
9511521,MOSKOVSKY PROSPECT,2010-09-01,
9511533,Primorsky Prospect,2010-11-01,2024-08-01
9511533,RIGEL,2024-08-01,
9513139,Hero,2011-03-01,2014-01-01
9513139,Suez George,2014-01-01,2021-07-01
9513139,Feyha N,2021-07-01,2022-09-01
9513139,FJORD SEAL,2022-09-01,
9517070,TITAN,2009-10-01,
9522324,SUVOROVSKY PROSPECT,2011-02-01,
9524451,Suez Vasilis,2011-06-01,2021-03-01
9524451,Nautilus I,2021-03-01,2022-11-01
9524451,SABLE,2022-11-01,
9524463,Suez Hans,2011-07-01,2022-11-01
9524463,SAKARYA,2022-11-01,
9530917,Cap Isabella,2013-03-01,2014-10-01
9530917,Kimolos Warrior,2014-10-01,2022-12-01
9530917,SALTY WOLF,2022-12-01,
9540302,CALLIOPE,2010-01-01,
9540340,DAFNE,2010-05-01,
9540352,TETI,2010-08-01,
9540364,PENELOPE,2010-11-01,
9544281,Four Sky,2010-03-01,2023-03-01
9544281,CORUM,2023-03-01,
9547506,Nord Imagination,2009-10-01,2021-07-01
9547506,Harrier Bay,2021-07-01,2023-12-01
9547506,ELEGANT VOYAGER,2023-12-01,
9550682,Summit Australia,2009-05-01,2010-12-01
9550682,UACC Falcon,2010-12-01,2022-12-01
9550682,Uog Aeolos,2022-12-01,2024-05-01
9550682,XING CHEN,2024-05-01,
9577082,SCF Prime,2011-04-01,2024-09-01
9577082,PREMIER,2024-09-01,
9577094,SCF PROVIDER,2011-03-01,
9585273,ENISEY,2011-09-01,
9585912,MARLIN,2020-08-01,
9589750,Melodia,2011-08-01,2013-07-01
9589750,Rio Arauca,2013-07-01,2019-09-01
9589750,Melodia,2019-09-01,2023-06-01
9589750,LI BAI,2023-06-01,
9593921,CLOE,2011-04-01,
9599341,Svl Pride,2010-11-01,2023-02-01
9599341,JUPITER I,2023-02-01,
9599353,Svl Glory,2011-05-01,2014-10-01
9599353,Rn Tuapse,2014-10-01,2023-02-01
9599353,VENUS I,2023-02-01,
9602825,GLORIA,2011-09-01,
9607710,SEA STAR,2012-07-01,
9610781,Nikolay Zuyev,2012-05-01,2024-09-01
9610781,ZENITH,2024-09-01,
9610793,GEORGY MASLOV,2012-09-01,
9610808,ANATOLY KOLODKIN,2013-01-01,
9610810,VIKTOR BAKAEV,2013-05-01,
9612909,ALEKSANDR SHEMAGIN,2012-07-01,
9612911,PAVEL YUDIN,2012-11-01,
9612923,YULIY MAKARENKOV,2013-05-01,
9616955,Galatea,2011-12-01,2012-02-01
9616955,GARMONIA,2012-02-01,
9621558,Almetyevsk,2013-01-01,2019-02-01
9621558,KARAKUZ,2019-02-01,
9621560,BAVLY,2013-06-01,
9621596,Bora Bora,2016-03-01,2024-02-01
9621596,STANISLAV GOVORUKHIN,2024-02-01,
9624304,ASSIA,2012-04-01,
9624316,AURA,2012-09-01,
9637583,KORE,2012-06-01,
9637961,SERGEY TERSKOV,2016-04-01,
9637973,YAKOV GUNIN,2016-07-01,
9640516,VF TANKER-3,2012-05-01,
9640528,VF TANKER-4,2012-06-01,
9640530,Vf Tanker-5,2012-07-01,2023-04-01
9640530,BM FLOT-1,2023-04-01,
9640542,Vf Tanker-6,2012-08-01,2012-08-01
9640542,Krasnoye Sormovo 6,2012-08-01,2023-04-01
9640542,BM FLOT-2,2023-04-01,
9640566,VF TANKER-8,2012-10-01,
9640578,Vf Tanker-9,2012-11-01,2023-07-01
9640578,VASILY POLENOV,2023-07-01,
9640580,Constructor Zhivotovsky,2013-05-01,2023-07-01
9640580,VIKTOR VASNETSOV,2023-07-01,
9645009,Vf Tanker-11,2012-07-01,2024-01-01
9645009,PROFESSOR MALYSHKIN,2024-01-01,
9645011,Vf Tanker-12,2012-08-01,2023-04-01
9645011,SANAR-18,2023-04-01,
9645023,Vf Tanker-13,2012-10-01,2023-08-01
9645023,VASILY SURIKOV,2023-08-01,
9645035,Vf Tanker-14,2012-11-01,2023-08-01
9645035,PAVEL BRYULLOV,2023-08-01,
9645047,Vf Tanker-15,2012-12-01,2023-04-01
9645047,BM FLOT-3,2023-04-01,
9645061,Vf Tanker-17,2013-04-01,2023-08-01
9645061,ALEKSEY SAVRASOV,2023-08-01,
9645114,Vf Tanker-22,2013-10-01,2023-04-01
9645114,SANAR-19,2023-04-01,
9645982,Svl Liberty,2013-03-01,2015-08-01
9645982,Rn Samara,2015-08-01,2017-11-01
9645982,Svl Liberty,2017-11-01,2021-02-01
9645982,LIBERTY,2021-02-01,
9655468,Svl Loyalty,2013-07-01,2015-08-01
9655468,Rn Syzran,2015-08-01,2017-12-01
9655468,Svl Loyalty,2017-12-01,2021-02-01
9655468,LOYALTY,2021-02-01,
9655470,SVL Unity,2013-08-01,2015-08-01
9655470,RN Saratov,2015-08-01,2017-12-01
9655470,Svl Unity,2017-12-01,2023-02-01
9655470,SATURN I,2023-02-01,
9683714,VALENTIN GRUZDEV,2014-04-01,
9683726,DMITRY POKROVSKY,2014-03-01,
9690212,Transflot-02,2014-03-01,2014-03-01
9690212,STALINGRAD,2014-03-01,
9735139,MIDVOLGA-2,2014-10-01,
9749154,KUPAVA,2017-02-01,
9759939,SHTURMAN KOSHELEV,2017-06-01,
9766073,NIKOLAY GAMAYUNOV,2016-01-01,
9766085,NIKOLAY VELIKIY,2018-10-01,
9777656,Synergy 1,2015-06-01,2020-08-01
9777656,Lady Maria,2020-08-01,2023-02-01
9777656,SANAR-16,2023-02-01,
9779941,Aristoklis,2017-01-01,2023-06-01
9779941,SHUSHA,2023-06-01,
9810513,Sperchios,2018-02-01,2023-06-01
9810513,KARABAKH,2023-06-01,
9813565,Explorer,2016-09-01,2016-10-01
9813565,Pioneer,2016-10-01,2016-12-01
9813565,GANJA,2016-12-01,
9821469,LACHIN,2020-05-01,
9821471,KALBAJAR,2021-06-01,
9826902,Korolev Prospect,2019-02-01,2024-08-01
9826902,GALAXY,2024-08-01,
9832547,Crudemed,2018-07-01,2023-11-01
9832547,VENTURE,2023-11-01,
9832559,Crudesun,2018-07-01,2023-10-01
9832559,VALOUR,2023-10-01,
9842176,VLADIMIR MONOMAKH,2020-12-01,
9842188,Moskva,2021-12-01,2022-06-01
9842188,VLADIMIR VINOGRADOV,2022-06-01,
9842190,AKADEMIK GUBKIN,2023-06-01,
9843560,Vernadsky Prospect,2019-03-01,2024-08-01
9843560,VOYAGER,2024-08-01,
9846237,Balt Flot 20,2018-05-01,2023-06-01
9846237,OLGA,2023-06-01,
9866380,OKEANSKY PROSPECT,2022-12-01,
9866392,VOSTOCHNY PROSPECT,2023-12-01,
9901025,VLADIMIR ARSENYEV,2022-03-01,
9901037,NIKOLAY ZADORNOV,2022-05-01,
9904106,GLORILAND,2021-02-01,
9917402,GLORISEA,2021-05-01,
9981087,CHANG YUE 1,2023-01-01,
